,weekly_offers_links
0,https://www.alsoouq.com/saudi-arabia-offers/offers-danube-riyadh/%d8%b9%d8%b1%d9%88%d8%b6-%d8%a7%d9%84%d8%af%d8%a7%d9%86%d9%88%d8%a8-%d8%a7%d9%84%d8%b1%d9%8a%d8%a7%d8%b6-%d9%88%d8%a7%d9%84%d8%ae%d8%b1%d8%ac-%d8%a7%d9%84%d8%a3%d8%b3%d8%a8%d9%88%d8%b9%d9%8a%d8%a9-73.html
1,https://www.alsoouq.com/saudi-arabia-offers/offers-danube-riyadh/%d8%b9%d8%b1%d9%88%d8%b6-%d8%a7%d9%84%d8%af%d8%a7%d9%86%d9%88%d8%a8-%d8%ac%d9%85%d9%8a%d8%b9-%d8%a7%d9%84%d9%81%d8%b1%d9%88%d8%b9-%d8%a7%d9%84%d9%8a%d9%88%d9%85-24-%d9%8a%d9%88%d9%84%d9%8a%d9%88-2022.html
2,https://www.alsoouq.com/saudi-arabia-offers/offers-danube-riyadh/%d8%b9%d8%b1%d9%88%d8%b6-%d8%a7%d9%84%d8%af%d8%a7%d9%86%d9%88%d8%a8-%d8%a7%d9%84%d8%b1%d9%8a%d8%a7%d8%b6-%d9%88%d8%a7%d9%84%d8%ae%d8%b1%d8%ac-%d8%a7%d9%84%d8%a3%d8%b3%d8%a8%d9%88%d8%b9%d9%8a%d8%a9-72.html
3,https://www.alsoouq.com/saudi-arabia-offers/offers-danube-riyadh/%d8%b9%d8%b1%d9%88%d8%b6-%d8%a7%d9%84%d8%af%d8%a7%d9%86%d9%88%d8%a8-%d8%a7%d9%84%d8%b1%d9%8a%d8%a7%d8%b6-%d9%88%d8%a7%d9%84%d8%ae%d8%b1%d8%ac-%d8%a7%d9%84%d8%a3%d8%b3%d8%a8%d9%88%d8%b9%d9%8a%d8%a9-71.html
4,https://www.alsoouq.com/saudi-arabia-offers/offers-danube-riyadh/%d8%b9%d8%b1%d9%88%d8%b6-%d8%a7%d9%84%d8%af%d8%a7%d9%86%d9%88%d8%a8-%d8%a7%d9%84%d8%b1%d9%8a%d8%a7%d8%b6-%d9%88%d8%a7%d9%84%d8%ae%d8%b1%d8%ac-%d8%a7%d9%84%d8%a3%d8%b3%d8%a8%d9%88%d8%b9%d9%8a%d8%a9-6-5.html
5,https://www.alsoouq.com/saudi-arabia-offers/offers-danube-riyadh/%d8%b9%d8%b1%d9%88%d8%b6-%d8%a7%d9%84%d8%af%d8%a7%d9%86%d9%88%d8%a8-%d8%ac%d9%85%d9%8a%d8%b9-%d8%a7%d9%84%d9%81%d8%b1%d9%88%d8%b9-%d8%a7%d9%84%d9%8a%d9%88%d9%85-3-%d9%8a%d9%88%d9%84%d9%8a%d9%88-2022.html
6,https://www.alsoouq.com/saudi-arabia-offers/offers-danube-riyadh/%d8%b9%d8%b1%d9%88%d8%b6-%d8%a7%d9%84%d8%af%d8%a7%d9%86%d9%88%d8%a8-%d8%ac%d9%85%d9%8a%d8%b9-%d8%a7%d9%84%d9%81%d8%b1%d9%88%d8%b9-%d8%a7%d9%84%d9%8a%d9%88%d9%85-30-%d9%8a%d9%88%d9%86%d9%8a%d9%88-2022.html
7,https://www.alsoouq.com/saudi-arabia-offers/offers-danube-riyadh/%d8%b9%d8%b1%d9%88%d8%b6-%d8%a7%d9%84%d8%af%d8%a7%d9%86%d9%88%d8%a8-%d8%a7%d9%84%d8%b1%d9%8a%d8%a7%d8%b6-%d9%88%d8%a7%d9%84%d8%ae%d8%b1%d8%ac-%d8%a7%d9%84%d8%a3%d8%b3%d8%a8%d9%88%d8%b9%d9%8a%d8%a9-70.html
8,https://www.alsoouq.com/saudi-arabia-offers/offers-danube-riyadh/%d8%b9%d8%b1%d9%88%d8%b6-%d8%a7%d9%84%d8%af%d8%a7%d9%86%d9%88%d8%a8-%d8%ac%d9%85%d9%8a%d8%b9-%d8%a7%d9%84%d9%81%d8%b1%d9%88%d8%b9-%d8%a7%d9%84%d9%8a%d9%88%d9%85-26-%d9%8a%d9%88%d9%86%d9%8a%d9%88-2022.html
9,https://www.alsoouq.com/saudi-arabia-offers/offers-danube-riyadh/%d8%b9%d8%b1%d9%88%d8%b6-%d8%a7%d9%84%d8%af%d8%a7%d9%86%d9%88%d8%a8-%d8%a7%d9%84%d8%b1%d9%8a%d8%a7%d8%b6-%d9%88%d8%a7%d9%84%d8%ae%d8%b1%d8%ac-%d8%a7%d9%84%d8%a3%d8%b3%d8%a8%d9%88%d8%b9%d9%8a%d8%a9-69.html
10,https://www.alsoouq.com/saudi-arabia-offers/offers-danube-jeddah/%d8%b9%d8%b1%d9%88%d8%b6-%d8%a7%d9%84%d8%af%d8%a7%d9%86%d9%88%d8%a8-%d8%ac%d9%85%d9%8a%d8%b9-%d8%a7%d9%84%d9%81%d8%b1%d9%88%d8%b9-%d8%a7%d9%84%d9%8a%d9%88%d9%85-19-%d9%8a%d9%88%d9%86%d9%8a%d9%88-2022.html
11,https://www.alsoouq.com/saudi-arabia-offers/offers-danube-riyadh/%d8%b9%d8%b1%d9%88%d8%b6-%d8%a7%d9%84%d8%af%d8%a7%d9%86%d9%88%d8%a8-%d8%a7%d9%84%d8%b1%d9%8a%d8%a7%d8%b6-%d9%88%d8%a7%d9%84%d8%ae%d8%b1%d8%ac-%d8%a7%d9%84%d8%a3%d8%b3%d8%a8%d9%88%d8%b9%d9%8a%d8%a9-68.html
12,https://www.alsoouq.com/saudi-arabia-offers/offers-danube-riyadh/%d8%b9%d8%b1%d9%88%d8%b6-%d8%a7%d9%84%d8%af%d8%a7%d9%86%d9%88%d8%a8-%d8%a7%d9%84%d8%b1%d9%8a%d8%a7%d8%b6-%d9%88%d8%a7%d9%84%d8%ae%d8%b1%d8%ac-%d8%a7%d9%84%d8%a3%d8%b3%d8%a8%d9%88%d8%b9%d9%8a%d8%a9-8-4.html
13,https://www.alsoouq.com/saudi-arabia-offers/offers-danube-riyadh/%d8%b9%d8%b1%d9%88%d8%b6-%d8%a7%d9%84%d8%af%d8%a7%d9%86%d9%88%d8%a8-%d8%ac%d9%85%d9%8a%d8%b9-%d8%a7%d9%84%d9%81%d8%b1%d9%88%d8%b9-%d8%a7%d9%84%d9%8a%d9%88%d9%85-5-%d9%8a%d9%88%d9%86%d9%8a%d9%88-2022.html
14,https://www.alsoouq.com/saudi-arabia-offers/offers-danube-riyadh/%d8%b9%d8%b1%d9%88%d8%b6-%d8%a7%d9%84%d8%af%d8%a7%d9%86%d9%88%d8%a8-%d8%a7%d9%84%d8%b1%d9%8a%d8%a7%d8%b6-%d9%88%d8%a7%d9%84%d8%ae%d8%b1%d8%ac-%d8%a7%d9%84%d8%a3%d8%b3%d8%a8%d9%88%d8%b9%d9%8a%d8%a9-67.html
15,https://www.alsoouq.com/saudi-arabia-offers/offers-danube-riyadh/%d8%b9%d8%b1%d9%88%d8%b6-%d8%a7%d9%84%d8%af%d8%a7%d9%86%d9%88%d8%a8-%d8%ac%d9%85%d9%8a%d8%b9-%d8%a7%d9%84%d9%81%d8%b1%d9%88%d8%b9-%d8%a7%d9%84%d9%8a%d9%88%d9%85-29-%d9%85%d8%a7%d9%8a%d9%88-2022-%d8%a7.html
16,https://www.alsoouq.com/saudi-arabia-offers/offers-danube-riyadh/%d8%b9%d8%b1%d9%88%d8%b6-%d8%a7%d9%84%d8%af%d8%a7%d9%86%d9%88%d8%a8-%d8%a7%d9%84%d8%b1%d9%8a%d8%a7%d8%b6-%d9%88%d8%a7%d9%84%d8%ae%d8%b1%d8%ac-%d8%a7%d9%84%d8%a3%d8%b3%d8%a8%d9%88%d8%b9%d9%8a%d8%a9-66.html
17,https://www.alsoouq.com/saudi-arabia-offers/offers-danube-riyadh/%d8%b9%d8%b1%d9%88%d8%b6-%d8%a7%d9%84%d8%af%d8%a7%d9%86%d9%88%d8%a8-%d8%ac%d9%85%d9%8a%d8%b9-%d8%a7%d9%84%d9%81%d8%b1%d9%88%d8%b9-%d8%aa%d8%b3%d8%b1%d9%8a-%d8%ad%d8%aa%d9%89-24-%d9%85%d8%a7%d9%8a.html
18,https://www.alsoouq.com/saudi-arabia-offers/offers-danube-riyadh/%d8%b9%d8%b1%d9%88%d8%b6-%d8%a7%d9%84%d8%af%d8%a7%d9%86%d9%88%d8%a8-%d8%a7%d9%84%d8%b1%d9%8a%d8%a7%d8%b6-%d9%88%d8%a7%d9%84%d8%ae%d8%b1%d8%ac-%d8%a7%d9%84%d8%a3%d8%b3%d8%a8%d9%88%d8%b9%d9%8a%d8%a9-65.html
19,https://www.alsoouq.com/saudi-arabia-offers/offers-danube-riyadh/%d8%b9%d8%b1%d9%88%d8%b6-%d8%a7%d9%84%d8%af%d8%a7%d9%86%d9%88%d8%a8-%d8%ac%d9%85%d9%8a%d8%b9-%d8%a7%d9%84%d9%81%d8%b1%d9%88%d8%b9-%d8%a7%d9%84%d9%8a%d9%88%d9%85-15-%d9%85%d8%a7%d9%8a%d9%88-2022-%d8%a7.html
20,https://www.alsoouq.com/saudi-arabia-offers/offers-danube-riyadh/%d8%b9%d8%b1%d9%88%d8%b6-%d8%a7%d9%84%d8%af%d8%a7%d9%86%d9%88%d8%a8-%d8%a7%d9%84%d8%b1%d9%8a%d8%a7%d8%b6-%d9%88%d8%a7%d9%84%d8%ae%d8%b1%d8%ac-%d8%a7%d9%84%d8%a3%d8%b3%d8%a8%d9%88%d8%b9%d9%8a%d8%a9-64.html
21,https://www.alsoouq.com/saudi-arabia-offers/offers-danube-riyadh/%d8%b9%d8%b1%d9%88%d8%b6-%d8%a7%d9%84%d8%af%d8%a7%d9%86%d9%88%d8%a8-%d8%a7%d9%84%d8%b1%d9%8a%d8%a7%d8%b6-%d9%88%d8%a7%d9%84%d8%ae%d8%b1%d8%ac-%d8%a7%d9%84%d8%a3%d8%b3%d8%a8%d9%88%d8%b9%d9%8a%d8%a9-4-3.html
22,https://www.alsoouq.com/saudi-arabia-offers/offers-danube-riyadh/%d8%b9%d8%b1%d9%88%d8%b6-%d8%a7%d9%84%d8%af%d8%a7%d9%86%d9%88%d8%a8-%d8%a7%d9%84%d8%b1%d9%8a%d8%a7%d8%b6-%d8%a7%d9%84%d8%a3%d8%b3%d8%a8%d9%88%d8%b9%d9%8a%d8%a9-27-%d8%a3%d8%a8%d8%b1%d9%8a%d9%84-2022.html
23,https://www.alsoouq.com/saudi-arabia-offers/offers-danube-riyadh/%d8%b9%d8%b1%d9%88%d8%b6-%d8%a7%d9%84%d8%af%d8%a7%d9%86%d9%88%d8%a8-%d8%ac%d9%85%d9%8a%d8%b9-%d8%a7%d9%84%d9%81%d8%b1%d9%88%d8%b9-%d8%a7%d9%84%d9%8a%d9%88%d9%85-24-%d8%a3%d8%a8%d8%b1%d9%8a%d9%84-2022.html
24,https://www.alsoouq.com/saudi-arabia-offers/offers-danube-riyadh/%d8%b9%d8%b1%d9%88%d8%b6-%d8%a7%d9%84%d8%af%d8%a7%d9%86%d9%88%d8%a8-%d8%a7%d9%84%d8%b1%d9%8a%d8%a7%d8%b6-%d9%88%d8%a7%d9%84%d8%ae%d8%b1%d8%ac-%d8%a7%d9%84%d8%a3%d8%b3%d8%a8%d9%88%d8%b9%d9%8a%d8%a9-63.html
25,https://www.alsoouq.com/saudi-arabia-offers/offers-danube-riyadh/%d8%b9%d8%b1%d9%88%d8%b6-%d8%a7%d9%84%d8%af%d8%a7%d9%86%d9%88%d8%a8-%d8%ac%d9%85%d9%8a%d8%b9-%d8%a7%d9%84%d9%81%d8%b1%d9%88%d8%b9-%d8%a7%d9%84%d9%8a%d9%88%d9%85-17-%d8%a3%d8%a8%d8%b1%d9%8a%d9%84-2022.html
26,https://www.alsoouq.com/saudi-arabia-offers/offers-danube-riyadh/%d8%b9%d8%b1%d9%88%d8%b6-%d8%a7%d9%84%d8%af%d8%a7%d9%86%d9%88%d8%a8-%d8%a7%d9%84%d8%b1%d9%8a%d8%a7%d8%b6-%d9%88%d8%a7%d9%84%d8%ae%d8%b1%d8%ac-%d8%a7%d9%84%d8%a3%d8%b3%d8%a8%d9%88%d8%b9%d9%8a%d8%a9-62.html
27,https://www.alsoouq.com/ramadan-3orod/%d8%b9%d8%b1%d9%88%d8%b6-%d8%a7%d9%84%d8%af%d8%a7%d9%86%d9%88%d8%a8-%d8%a7%d9%84%d9%8a%d9%88%d9%85-%d8%b9%d9%84%d9%89-%d8%a7%d9%84%d9%85%d9%86%d8%aa%d8%ac%d8%a7%d8%aa-%d8%a7%d9%84%d8%b7%d8%a7%d8%b2.html
28,https://www.alsoouq.com/saudi-arabia-offers/offers-danube-riyadh/%d8%b9%d8%b1%d9%88%d8%b6-%d8%a7%d9%84%d8%af%d8%a7%d9%86%d9%88%d8%a8-%d8%a7%d9%84%d8%b1%d9%8a%d8%a7%d8%b6-%d9%88%d8%a7%d9%84%d8%ae%d8%b1%d8%ac-%d8%a7%d9%84%d8%a3%d8%b3%d8%a8%d9%88%d8%b9%d9%8a%d8%a9-6-4.html
29,https://www.alsoouq.com/saudi-arabia-offers/offers-danube-riyadh/%d8%b9%d8%b1%d9%88%d8%b6-%d8%a7%d9%84%d8%af%d8%a7%d9%86%d9%88%d8%a8-%d8%ac%d9%85%d9%8a%d8%b9-%d8%a7%d9%84%d9%81%d8%b1%d9%88%d8%b9-%d8%aa%d8%b3%d8%b1%d9%8a-%d8%ad%d8%aa%d9%89-5-%d8%a3%d8%a8%d8%b1%d9%8a.html
30,https://www.alsoouq.com/saudi-arabia-offers/offers-danube-riyadh/%d8%b9%d8%b1%d9%88%d8%b6-%d8%a7%d9%84%d8%af%d8%a7%d9%86%d9%88%d8%a8-%d8%a7%d9%84%d8%b1%d9%8a%d8%a7%d8%b6-%d9%88%d8%a7%d9%84%d8%ae%d8%b1%d8%ac-%d8%a7%d9%84%d8%a3%d8%b3%d8%a8%d9%88%d8%b9%d9%8a%d8%a9-73.html
31,https://www.alsoouq.com/saudi-arabia-offers/offers-danube-riyadh/%d8%b9%d8%b1%d9%88%d8%b6-%d8%a7%d9%84%d8%af%d8%a7%d9%86%d9%88%d8%a8-%d8%ac%d9%85%d9%8a%d8%b9-%d8%a7%d9%84%d9%81%d8%b1%d9%88%d8%b9-%d8%a7%d9%84%d9%8a%d9%88%d9%85-24-%d9%8a%d9%88%d9%84%d9%8a%d9%88-2022.html
32,https://www.alsoouq.com/saudi-arabia-offers/offers-danube-riyadh/%d8%b9%d8%b1%d9%88%d8%b6-%d8%a7%d9%84%d8%af%d8%a7%d9%86%d9%88%d8%a8-%d8%a7%d9%84%d8%b1%d9%8a%d8%a7%d8%b6-%d9%88%d8%a7%d9%84%d8%ae%d8%b1%d8%ac-%d8%a7%d9%84%d8%a3%d8%b3%d8%a8%d9%88%d8%b9%d9%8a%d8%a9-72.html
33,https://www.alsoouq.com/saudi-arabia-offers/offers-danube-riyadh/%d8%b9%d8%b1%d9%88%d8%b6-%d8%a7%d9%84%d8%af%d8%a7%d9%86%d9%88%d8%a8-%d8%a7%d9%84%d8%b1%d9%8a%d8%a7%d8%b6-%d9%88%d8%a7%d9%84%d8%ae%d8%b1%d8%ac-%d8%a7%d9%84%d8%a3%d8%b3%d8%a8%d9%88%d8%b9%d9%8a%d8%a9-71.html
34,https://www.alsoouq.com/saudi-arabia-offers/offers-danube-riyadh/%d8%b9%d8%b1%d9%88%d8%b6-%d8%a7%d9%84%d8%af%d8%a7%d9%86%d9%88%d8%a8-%d8%a7%d9%84%d8%b1%d9%8a%d8%a7%d8%b6-%d9%88%d8%a7%d9%84%d8%ae%d8%b1%d8%ac-%d8%a7%d9%84%d8%a3%d8%b3%d8%a8%d9%88%d8%b9%d9%8a%d8%a9-6-5.html
35,https://www.alsoouq.com/saudi-arabia-offers/offers-danube-riyadh/%d8%b9%d8%b1%d9%88%d8%b6-%d8%a7%d9%84%d8%af%d8%a7%d9%86%d9%88%d8%a8-%d8%ac%d9%85%d9%8a%d8%b9-%d8%a7%d9%84%d9%81%d8%b1%d9%88%d8%b9-%d8%a7%d9%84%d9%8a%d9%88%d9%85-3-%d9%8a%d9%88%d9%84%d9%8a%d9%88-2022.html
36,https://www.alsoouq.com/saudi-arabia-offers/offers-danube-riyadh/%d8%b9%d8%b1%d9%88%d8%b6-%d8%a7%d9%84%d8%af%d8%a7%d9%86%d9%88%d8%a8-%d8%ac%d9%85%d9%8a%d8%b9-%d8%a7%d9%84%d9%81%d8%b1%d9%88%d8%b9-%d8%a7%d9%84%d9%8a%d9%88%d9%85-30-%d9%8a%d9%88%d9%86%d9%8a%d9%88-2022.html
37,https://www.alsoouq.com/saudi-arabia-offers/offers-danube-riyadh/%d8%b9%d8%b1%d9%88%d8%b6-%d8%a7%d9%84%d8%af%d8%a7%d9%86%d9%88%d8%a8-%d8%a7%d9%84%d8%b1%d9%8a%d8%a7%d8%b6-%d9%88%d8%a7%d9%84%d8%ae%d8%b1%d8%ac-%d8%a7%d9%84%d8%a3%d8%b3%d8%a8%d9%88%d8%b9%d9%8a%d8%a9-70.html
38,https://www.alsoouq.com/saudi-arabia-offers/offers-danube-riyadh/%d8%b9%d8%b1%d9%88%d8%b6-%d8%a7%d9%84%d8%af%d8%a7%d9%86%d9%88%d8%a8-%d8%ac%d9%85%d9%8a%d8%b9-%d8%a7%d9%84%d9%81%d8%b1%d9%88%d8%b9-%d8%a7%d9%84%d9%8a%d9%88%d9%85-26-%d9%8a%d9%88%d9%86%d9%8a%d9%88-2022.html
39,https://www.alsoouq.com/saudi-arabia-offers/offers-danube-riyadh/%d8%b9%d8%b1%d9%88%d8%b6-%d8%a7%d9%84%d8%af%d8%a7%d9%86%d9%88%d8%a8-%d8%a7%d9%84%d8%b1%d9%8a%d8%a7%d8%b6-%d9%88%d8%a7%d9%84%d8%ae%d8%b1%d8%ac-%d8%a7%d9%84%d8%a3%d8%b3%d8%a8%d9%88%d8%b9%d9%8a%d8%a9-69.html
40,https://www.alsoouq.com/saudi-arabia-offers/offers-danube-jeddah/%d8%b9%d8%b1%d9%88%d8%b6-%d8%a7%d9%84%d8%af%d8%a7%d9%86%d9%88%d8%a8-%d8%ac%d9%85%d9%8a%d8%b9-%d8%a7%d9%84%d9%81%d8%b1%d9%88%d8%b9-%d8%a7%d9%84%d9%8a%d9%88%d9%85-19-%d9%8a%d9%88%d9%86%d9%8a%d9%88-2022.html
41,https://www.alsoouq.com/saudi-arabia-offers/offers-danube-riyadh/%d8%b9%d8%b1%d9%88%d8%b6-%d8%a7%d9%84%d8%af%d8%a7%d9%86%d9%88%d8%a8-%d8%a7%d9%84%d8%b1%d9%8a%d8%a7%d8%b6-%d9%88%d8%a7%d9%84%d8%ae%d8%b1%d8%ac-%d8%a7%d9%84%d8%a3%d8%b3%d8%a8%d9%88%d8%b9%d9%8a%d8%a9-68.html
42,https://www.alsoouq.com/saudi-arabia-offers/offers-danube-riyadh/%d8%b9%d8%b1%d9%88%d8%b6-%d8%a7%d9%84%d8%af%d8%a7%d9%86%d9%88%d8%a8-%d8%a7%d9%84%d8%b1%d9%8a%d8%a7%d8%b6-%d9%88%d8%a7%d9%84%d8%ae%d8%b1%d8%ac-%d8%a7%d9%84%d8%a3%d8%b3%d8%a8%d9%88%d8%b9%d9%8a%d8%a9-8-4.html
43,https://www.alsoouq.com/saudi-arabia-offers/offers-danube-riyadh/%d8%b9%d8%b1%d9%88%d8%b6-%d8%a7%d9%84%d8%af%d8%a7%d9%86%d9%88%d8%a8-%d8%ac%d9%85%d9%8a%d8%b9-%d8%a7%d9%84%d9%81%d8%b1%d9%88%d8%b9-%d8%a7%d9%84%d9%8a%d9%88%d9%85-5-%d9%8a%d9%88%d9%86%d9%8a%d9%88-2022.html
44,https://www.alsoouq.com/saudi-arabia-offers/offers-danube-riyadh/%d8%b9%d8%b1%d9%88%d8%b6-%d8%a7%d9%84%d8%af%d8%a7%d9%86%d9%88%d8%a8-%d8%a7%d9%84%d8%b1%d9%8a%d8%a7%d8%b6-%d9%88%d8%a7%d9%84%d8%ae%d8%b1%d8%ac-%d8%a7%d9%84%d8%a3%d8%b3%d8%a8%d9%88%d8%b9%d9%8a%d8%a9-67.html
45,https://www.alsoouq.com/saudi-arabia-offers/offers-danube-riyadh/%d8%b9%d8%b1%d9%88%d8%b6-%d8%a7%d9%84%d8%af%d8%a7%d9%86%d9%88%d8%a8-%d8%ac%d9%85%d9%8a%d8%b9-%d8%a7%d9%84%d9%81%d8%b1%d9%88%d8%b9-%d8%a7%d9%84%d9%8a%d9%88%d9%85-29-%d9%85%d8%a7%d9%8a%d9%88-2022-%d8%a7.html
46,https://www.alsoouq.com/saudi-arabia-offers/offers-danube-riyadh/%d8%b9%d8%b1%d9%88%d8%b6-%d8%a7%d9%84%d8%af%d8%a7%d9%86%d9%88%d8%a8-%d8%a7%d9%84%d8%b1%d9%8a%d8%a7%d8%b6-%d9%88%d8%a7%d9%84%d8%ae%d8%b1%d8%ac-%d8%a7%d9%84%d8%a3%d8%b3%d8%a8%d9%88%d8%b9%d9%8a%d8%a9-66.html
47,https://www.alsoouq.com/saudi-arabia-offers/offers-danube-riyadh/%d8%b9%d8%b1%d9%88%d8%b6-%d8%a7%d9%84%d8%af%d8%a7%d9%86%d9%88%d8%a8-%d8%ac%d9%85%d9%8a%d8%b9-%d8%a7%d9%84%d9%81%d8%b1%d9%88%d8%b9-%d8%aa%d8%b3%d8%b1%d9%8a-%d8%ad%d8%aa%d9%89-24-%d9%85%d8%a7%d9%8a.html
48,https://www.alsoouq.com/saudi-arabia-offers/offers-danube-riyadh/%d8%b9%d8%b1%d9%88%d8%b6-%d8%a7%d9%84%d8%af%d8%a7%d9%86%d9%88%d8%a8-%d8%a7%d9%84%d8%b1%d9%8a%d8%a7%d8%b6-%d9%88%d8%a7%d9%84%d8%ae%d8%b1%d8%ac-%d8%a7%d9%84%d8%a3%d8%b3%d8%a8%d9%88%d8%b9%d9%8a%d8%a9-65.html
49,https://www.alsoouq.com/saudi-arabia-offers/offers-danube-riyadh/%d8%b9%d8%b1%d9%88%d8%b6-%d8%a7%d9%84%d8%af%d8%a7%d9%86%d9%88%d8%a8-%d8%ac%d9%85%d9%8a%d8%b9-%d8%a7%d9%84%d9%81%d8%b1%d9%88%d8%b9-%d8%a7%d9%84%d9%8a%d9%88%d9%85-15-%d9%85%d8%a7%d9%8a%d9%88-2022-%d8%a7.html
50,https://www.alsoouq.com/saudi-arabia-offers/offers-danube-riyadh/%d8%b9%d8%b1%d9%88%d8%b6-%d8%a7%d9%84%d8%af%d8%a7%d9%86%d9%88%d8%a8-%d8%a7%d9%84%d8%b1%d9%8a%d8%a7%d8%b6-%d9%88%d8%a7%d9%84%d8%ae%d8%b1%d8%ac-%d8%a7%d9%84%d8%a3%d8%b3%d8%a8%d9%88%d8%b9%d9%8a%d8%a9-64.html
51,https://www.alsoouq.com/saudi-arabia-offers/offers-danube-riyadh/%d8%b9%d8%b1%d9%88%d8%b6-%d8%a7%d9%84%d8%af%d8%a7%d9%86%d9%88%d8%a8-%d8%a7%d9%84%d8%b1%d9%8a%d8%a7%d8%b6-%d9%88%d8%a7%d9%84%d8%ae%d8%b1%d8%ac-%d8%a7%d9%84%d8%a3%d8%b3%d8%a8%d9%88%d8%b9%d9%8a%d8%a9-4-3.html
52,https://www.alsoouq.com/saudi-arabia-offers/offers-danube-riyadh/%d8%b9%d8%b1%d9%88%d8%b6-%d8%a7%d9%84%d8%af%d8%a7%d9%86%d9%88%d8%a8-%d8%a7%d9%84%d8%b1%d9%8a%d8%a7%d8%b6-%d8%a7%d9%84%d8%a3%d8%b3%d8%a8%d9%88%d8%b9%d9%8a%d8%a9-27-%d8%a3%d8%a8%d8%b1%d9%8a%d9%84-2022.html
53,https://www.alsoouq.com/saudi-arabia-offers/offers-danube-riyadh/%d8%b9%d8%b1%d9%88%d8%b6-%d8%a7%d9%84%d8%af%d8%a7%d9%86%d9%88%d8%a8-%d8%ac%d9%85%d9%8a%d8%b9-%d8%a7%d9%84%d9%81%d8%b1%d9%88%d8%b9-%d8%a7%d9%84%d9%8a%d9%88%d9%85-24-%d8%a3%d8%a8%d8%b1%d9%8a%d9%84-2022.html
54,https://www.alsoouq.com/saudi-arabia-offers/offers-danube-riyadh/%d8%b9%d8%b1%d9%88%d8%b6-%d8%a7%d9%84%d8%af%d8%a7%d9%86%d9%88%d8%a8-%d8%a7%d9%84%d8%b1%d9%8a%d8%a7%d8%b6-%d9%88%d8%a7%d9%84%d8%ae%d8%b1%d8%ac-%d8%a7%d9%84%d8%a3%d8%b3%d8%a8%d9%88%d8%b9%d9%8a%d8%a9-63.html
55,https://www.alsoouq.com/saudi-arabia-offers/offers-danube-riyadh/%d8%b9%d8%b1%d9%88%d8%b6-%d8%a7%d9%84%d8%af%d8%a7%d9%86%d9%88%d8%a8-%d8%ac%d9%85%d9%8a%d8%b9-%d8%a7%d9%84%d9%81%d8%b1%d9%88%d8%b9-%d8%a7%d9%84%d9%8a%d9%88%d9%85-17-%d8%a3%d8%a8%d8%b1%d9%8a%d9%84-2022.html
56,https://www.alsoouq.com/saudi-arabia-offers/offers-danube-riyadh/%d8%b9%d8%b1%d9%88%d8%b6-%d8%a7%d9%84%d8%af%d8%a7%d9%86%d9%88%d8%a8-%d8%a7%d9%84%d8%b1%d9%8a%d8%a7%d8%b6-%d9%88%d8%a7%d9%84%d8%ae%d8%b1%d8%ac-%d8%a7%d9%84%d8%a3%d8%b3%d8%a8%d9%88%d8%b9%d9%8a%d8%a9-62.html
57,https://www.alsoouq.com/ramadan-3orod/%d8%b9%d8%b1%d9%88%d8%b6-%d8%a7%d9%84%d8%af%d8%a7%d9%86%d9%88%d8%a8-%d8%a7%d9%84%d9%8a%d9%88%d9%85-%d8%b9%d9%84%d9%89-%d8%a7%d9%84%d9%85%d9%86%d8%aa%d8%ac%d8%a7%d8%aa-%d8%a7%d9%84%d8%b7%d8%a7%d8%b2.html
58,https://www.alsoouq.com/saudi-arabia-offers/offers-danube-riyadh/%d8%b9%d8%b1%d9%88%d8%b6-%d8%a7%d9%84%d8%af%d8%a7%d9%86%d9%88%d8%a8-%d8%a7%d9%84%d8%b1%d9%8a%d8%a7%d8%b6-%d9%88%d8%a7%d9%84%d8%ae%d8%b1%d8%ac-%d8%a7%d9%84%d8%a3%d8%b3%d8%a8%d9%88%d8%b9%d9%8a%d8%a9-6-4.html
59,https://www.alsoouq.com/saudi-arabia-offers/offers-danube-riyadh/%d8%b9%d8%b1%d9%88%d8%b6-%d8%a7%d9%84%d8%af%d8%a7%d9%86%d9%88%d8%a8-%d8%ac%d9%85%d9%8a%d8%b9-%d8%a7%d9%84%d9%81%d8%b1%d9%88%d8%b9-%d8%aa%d8%b3%d8%b1%d9%8a-%d8%ad%d8%aa%d9%89-5-%d8%a3%d8%a8%d8%b1%d9%8a.html
60,https://www.alsoouq.com/saudi-arabia-offers/offers-danube-riyadh/%d8%b9%d8%b1%d9%88%d8%b6-%d8%b1%d9%85%d8%b6%d8%a7%d9%86-%d9%85%d9%86-%d8%a7%d9%84%d8%af%d8%a7%d9%86%d9%88%d8%a8-%d8%ac%d9%85%d9%8a%d8%b9-%d8%a7%d9%84%d9%81%d8%b1%d9%88%d8%b9-%d8%a7%d9%84%d9%8a%d9%88.html
61,https://www.alsoouq.com/saudi-arabia-offers/offers-danube-riyadh/%d8%b9%d8%b1%d9%88%d8%b6-%d8%a7%d9%84%d8%af%d8%a7%d9%86%d9%88%d8%a8-%d8%a7%d9%84%d8%b1%d9%8a%d8%a7%d8%b6-%d9%88%d8%a7%d9%84%d8%ae%d8%b1%d8%ac-%d8%a7%d9%84%d8%a3%d8%b3%d8%a8%d9%88%d8%b9%d9%8a%d8%a9-3-5.html
62,https://www.alsoouq.com/saudi-arabia-offers/offers-danube-riyadh/%d8%b9%d8%b1%d9%88%d8%b6-%d8%a7%d9%84%d8%af%d8%a7%d9%86%d9%88%d8%a8-%d8%ac%d9%85%d9%8a%d8%b9-%d8%a7%d9%84%d9%81%d8%b1%d9%88%d8%b9-%d8%a7%d9%84%d9%8a%d9%88%d9%85-27-%d9%85%d8%a7%d8%b1%d8%b3-2022-%d8%a7.html
63,https://www.alsoouq.com/saudi-arabia-offers/offers-danube-riyadh/%d8%b9%d8%b1%d9%88%d8%b6-%d8%a7%d9%84%d8%af%d8%a7%d9%86%d9%88%d8%a8-%d8%a7%d9%84%d8%b1%d9%8a%d8%a7%d8%b6-%d9%88%d8%a7%d9%84%d8%ae%d8%b1%d8%ac-%d8%a7%d9%84%d8%a3%d8%b3%d8%a8%d9%88%d8%b9%d9%8a%d8%a9-61.html
64,https://www.alsoouq.com/saudi-arabia-offers/offers-danube-riyadh/%d8%b9%d8%b1%d9%88%d8%b6-%d8%a7%d9%84%d8%af%d8%a7%d9%86%d9%88%d8%a8-%d8%ac%d9%85%d9%8a%d8%b9-%d8%a7%d9%84%d9%81%d8%b1%d9%88%d8%b9-%d8%a7%d9%84%d9%8a%d9%88%d9%85-21-%d9%85%d8%a7%d8%b1%d8%b3-2022-%d8%a7.html
65,https://www.alsoouq.com/saudi-arabia-offers/offers-danube-riyadh/%d8%b9%d8%b1%d9%88%d8%b6-%d8%a7%d9%84%d8%af%d8%a7%d9%86%d9%88%d8%a8-%d8%a7%d9%84%d8%b1%d9%8a%d8%a7%d8%b6-%d9%88%d8%a7%d9%84%d8%ae%d8%b1%d8%ac-%d8%a7%d9%84%d8%a3%d8%b3%d8%a8%d9%88%d8%b9%d9%8a%d8%a9-60.html
66,https://www.alsoouq.com/saudi-arabia-offers/offers-danube-khobar/%d8%b9%d8%b1%d9%88%d8%b6-%d8%a7%d9%84%d8%af%d8%a7%d9%86%d9%88%d8%a8-%d8%ac%d9%85%d9%8a%d8%b9-%d8%a7%d9%84%d9%81%d8%b1%d9%88%d8%b9-%d8%a7%d9%84%d9%8a%d9%88%d9%85-13-%d9%85%d8%a7%d8%b1%d8%b3-2022-%d8%a7.html
67,https://www.alsoouq.com/saudi-arabia-offers/offers-danube-riyadh/%d8%b9%d8%b1%d9%88%d8%b6-%d8%a7%d9%84%d8%af%d8%a7%d9%86%d9%88%d8%a8-%d8%a7%d9%84%d8%b1%d9%8a%d8%a7%d8%b6-%d9%88%d8%a7%d9%84%d8%ae%d8%b1%d8%ac-%d8%a7%d9%84%d8%a3%d8%b3%d8%a8%d9%88%d8%b9%d9%8a%d8%a9-9-5.html
68,https://www.alsoouq.com/saudi-arabia-offers/offers-danube-riyadh/%d8%b9%d8%b1%d9%88%d8%b6-%d8%a7%d9%84%d8%af%d8%a7%d9%86%d9%88%d8%a8-%d8%ac%d9%85%d9%8a%d8%b9-%d8%a7%d9%84%d9%81%d8%b1%d9%88%d8%b9-%d8%a7%d9%84%d9%8a%d9%88%d9%85-6-%d9%85%d8%a7%d8%b1%d8%b3-2022-%d8%a7.html
69,https://www.alsoouq.com/saudi-arabia-offers/offers-danube-riyadh/%d8%b9%d8%b1%d9%88%d8%b6-%d8%a7%d9%84%d8%af%d8%a7%d9%86%d9%88%d8%a8-%d8%a7%d9%84%d8%b1%d9%8a%d8%a7%d8%b6-%d9%88%d8%a7%d9%84%d8%ae%d8%b1%d8%ac-%d8%a7%d9%84%d8%a3%d8%b3%d8%a8%d9%88%d8%b9%d9%8a%d8%a9-59.html
70,https://www.alsoouq.com/saudi-arabia-offers/offers-danube-jeddah/%d8%b9%d8%b1%d9%88%d8%b6-%d8%a7%d9%84%d8%af%d8%a7%d9%86%d9%88%d8%a8-%d8%ac%d9%85%d9%8a%d8%b9-%d8%a7%d9%84%d9%81%d8%b1%d9%88%d8%b9-%d8%a7%d9%84%d9%8a%d9%88%d9%85-27-%d9%81%d8%a8%d8%b1%d8%a7%d9%8a%d8%b1.html
71,https://www.alsoouq.com/saudi-arabia-offers/offers-danube-riyadh/%d8%b9%d8%b1%d9%88%d8%b6-%d8%a7%d9%84%d8%af%d8%a7%d9%86%d9%88%d8%a8-%d8%a7%d9%84%d8%b1%d9%8a%d8%a7%d8%b6-%d9%88%d8%a7%d9%84%d8%ae%d8%b1%d8%ac-%d8%a7%d9%84%d8%a3%d8%b3%d8%a8%d9%88%d8%b9%d9%8a%d8%a9-58.html
72,https://www.alsoouq.com/saudi-arabia-offers/offers-danube-riyadh/%d8%b9%d8%b1%d9%88%d8%b6-%d8%a7%d9%84%d8%af%d8%a7%d9%86%d9%88%d8%a8-%d8%ac%d9%85%d9%8a%d8%b9-%d8%a7%d9%84%d9%81%d8%b1%d9%88%d8%b9-%d8%a7%d9%84%d9%8a%d9%88%d9%85-20-%d9%81%d8%a8%d8%b1%d8%a7%d9%8a%d8%b1.html
73,https://www.alsoouq.com/saudi-arabia-offers/offers-danube-riyadh/%d8%b9%d8%b1%d9%88%d8%b6-%d8%a7%d9%84%d8%af%d8%a7%d9%86%d9%88%d8%a8-%d8%a7%d9%84%d8%b1%d9%8a%d8%a7%d8%b6-%d9%88-%d8%ad%d8%a7%d8%a6%d9%84-%d8%a7%d9%84%d8%a3%d8%b3%d8%a8%d9%88%d8%b9%d9%8a%d8%a9-16.html
74,https://www.alsoouq.com/saudi-arabia-offers/offers-danube-riyadh/%d8%b9%d8%b1%d9%88%d8%b6-%d8%a7%d9%84%d8%af%d8%a7%d9%86%d9%88%d8%a8-%d8%a7%d9%84%d8%b1%d9%8a%d8%a7%d8%b6-%d9%88%d8%a7%d9%84%d8%ae%d8%b1%d8%ac-%d8%a7%d9%84%d8%a3%d8%b3%d8%a8%d9%88%d8%b9%d9%8a%d8%a9-57.html
75,https://www.alsoouq.com/saudi-arabia-offers/offers-danube-riyadh/%d8%b9%d8%b1%d9%88%d8%b6-%d8%a7%d9%84%d8%af%d8%a7%d9%86%d9%88%d8%a8-%d8%a7%d9%84%d8%b1%d9%8a%d8%a7%d8%b6-%d9%88%d8%a7%d9%84%d8%ae%d8%b1%d8%ac-%d8%a7%d9%84%d8%a3%d8%b3%d8%a8%d9%88%d8%b9%d9%8a%d8%a9-9-4.html
76,https://www.alsoouq.com/saudi-arabia-offers/offers-danube-riyadh/%d8%b9%d8%b1%d9%88%d8%b6-%d8%a7%d9%84%d8%af%d8%a7%d9%86%d9%88%d8%a8-%d8%a7%d9%84%d8%b1%d9%8a%d8%a7%d8%b6-%d9%88%d8%ad%d8%a7%d8%a6%d9%84-%d8%a7%d9%84%d9%8a%d9%88%d9%85-6-%d9%81%d8%a8%d8%b1%d8%a7%d9%8a.html
77,https://www.alsoouq.com/saudi-arabia-offers/offers-danube-riyadh/%d8%b9%d8%b1%d9%88%d8%b6-%d8%a7%d9%84%d8%af%d8%a7%d9%86%d9%88%d8%a8-%d8%a7%d9%84%d8%b1%d9%8a%d8%a7%d8%b6-%d9%88%d8%a7%d9%84%d8%ae%d8%b1%d8%ac-%d8%a7%d9%84%d8%a3%d8%b3%d8%a8%d9%88%d8%b9%d9%8a%d8%a9-56.html
78,https://www.alsoouq.com/saudi-arabia-offers/offers-danube-riyadh/%d8%b9%d8%b1%d9%88%d8%b6-%d8%a7%d9%84%d8%af%d8%a7%d9%86%d9%88%d8%a8-%d8%ac%d9%85%d9%8a%d8%b9-%d8%a7%d9%84%d9%81%d8%b1%d9%88%d8%b9-%d8%a7%d9%84%d9%8a%d9%88%d9%85-30-%d9%8a%d9%86%d8%a7%d9%8a%d8%b1-2022.html
79,https://www.alsoouq.com/saudi-arabia-offers/offers-danube-riyadh/%d8%b9%d8%b1%d9%88%d8%b6-%d8%a7%d9%84%d8%af%d8%a7%d9%86%d9%88%d8%a8-%d8%a7%d9%84%d8%b1%d9%8a%d8%a7%d8%b6-%d9%88%d8%a7%d9%84%d8%ae%d8%b1%d8%ac-%d8%a7%d9%84%d8%a3%d8%b3%d8%a8%d9%88%d8%b9%d9%8a%d8%a9-55.html
80,https://www.alsoouq.com/saudi-arabia-offers/offers-danube-riyadh/%d8%b9%d8%b1%d9%88%d8%b6-%d8%a7%d9%84%d8%af%d8%a7%d9%86%d9%88%d8%a8-%d8%ac%d9%85%d9%8a%d8%b9-%d8%a7%d9%84%d9%81%d8%b1%d9%88%d8%b9-%d8%a7%d9%84%d9%8a%d9%88%d9%85-23-%d9%8a%d9%86%d8%a7%d9%8a%d8%b1-2022.html
81,https://www.alsoouq.com/saudi-arabia-offers/offers-danube-riyadh/%d8%b9%d8%b1%d9%88%d8%b6-%d8%a7%d9%84%d8%af%d8%a7%d9%86%d9%88%d8%a8-%d8%a7%d9%84%d8%b1%d9%8a%d8%a7%d8%b6-%d9%88%d8%a7%d9%84%d8%ae%d8%b1%d8%ac-%d8%a7%d9%84%d8%a3%d8%b3%d8%a8%d9%88%d8%b9%d9%8a%d8%a9-54.html
82,https://www.alsoouq.com/saudi-arabia-offers/offers-danube-riyadh/%d8%b9%d8%b1%d9%88%d8%b6-%d8%a7%d9%84%d8%af%d8%a7%d9%86%d9%88%d8%a8-%d8%ac%d9%85%d9%8a%d8%b9-%d8%a7%d9%84%d9%81%d8%b1%d9%88%d8%b9-%d8%a7%d9%84%d9%8a%d9%88%d9%85-16-%d9%8a%d9%86%d8%a7%d9%8a%d8%b1-2022.html
83,https://www.alsoouq.com/saudi-arabia-offers/offers-danube-riyadh/%d8%b9%d8%b1%d9%88%d8%b6-%d8%a7%d9%84%d8%af%d8%a7%d9%86%d9%88%d8%a8-%d8%a7%d9%84%d8%b1%d9%8a%d8%a7%d8%b6-%d9%88%d8%a7%d9%84%d8%ae%d8%b1%d8%ac-%d8%a7%d9%84%d8%a7%d8%b3%d8%a8%d9%88%d8%b9%d9%8a%d8%a9-12.html
84,https://www.alsoouq.com/saudi-arabia-offers/offers-danube-riyadh/%d8%b9%d8%b1%d9%88%d8%b6-%d8%a7%d9%84%d8%af%d8%a7%d9%86%d9%88%d8%a8-%d8%ac%d9%85%d9%8a%d8%b9-%d8%a7%d9%84%d9%81%d8%b1%d9%88%d8%b9-%d8%a7%d9%84%d9%8a%d9%88%d9%85-9-%d9%8a%d9%86%d8%a7%d9%8a%d8%b1-2022.html
85,https://www.alsoouq.com/saudi-arabia-offers/offers-danube-riyadh/%d8%b9%d8%b1%d9%88%d8%b6-%d8%a7%d9%84%d8%af%d8%a7%d9%86%d9%88%d8%a8-%d8%a7%d9%84%d8%b1%d9%8a%d8%a7%d8%b6-%d9%88%d8%a7%d9%84%d8%ae%d8%b1%d8%ac-%d8%a7%d9%84%d8%a3%d8%b3%d8%a8%d9%88%d8%b9%d9%8a%d8%a9-5-3.html
86,https://www.alsoouq.com/saudi-arabia-offers/offers-danube-riyadh/%d8%b9%d8%b1%d9%88%d8%b6-%d8%a7%d9%84%d8%af%d8%a7%d9%86%d9%88%d8%a8-%d8%ac%d9%85%d9%8a%d8%b9-%d8%a7%d9%84%d9%81%d8%b1%d9%88%d8%b9-%d8%a7%d9%84%d9%8a%d9%88%d9%85-2-%d9%8a%d9%86%d8%a7%d9%8a%d8%b1-2022.html
87,https://www.alsoouq.com/saudi-arabia-offers/offers-danube-riyadh/%d8%b9%d8%b1%d9%88%d8%b6-%d8%a7%d9%84%d8%af%d8%a7%d9%86%d9%88%d8%a8-%d8%a7%d9%84%d8%b1%d9%8a%d8%a7%d8%b6-%d9%88%d8%a7%d9%84%d8%ae%d8%b1%d8%ac-%d8%a7%d9%84%d8%a3%d8%b3%d8%a8%d9%88%d8%b9%d9%8a%d8%a9-53.html
88,https://www.alsoouq.com/saudi-arabia-offers/offers-danube-riyadh/%d8%b9%d8%b1%d9%88%d8%b6-%d8%a7%d9%84%d8%af%d8%a7%d9%86%d9%88%d8%a8-%d8%ac%d9%85%d9%8a%d8%b9-%d8%a7%d9%84%d9%81%d8%b1%d9%88%d8%b9-%d8%a7%d9%84%d9%8a%d9%88%d9%85-26-%d8%af%d9%8a%d8%b3%d9%85%d8%a8%d8%b1.html
89,https://www.alsoouq.com/saudi-arabia-offers/offers-danube-riyadh/%d8%b9%d8%b1%d9%88%d8%b6-%d8%a7%d9%84%d8%af%d8%a7%d9%86%d9%88%d8%a8-%d8%a7%d9%84%d8%b1%d9%8a%d8%a7%d8%b6-%d9%88%d8%a7%d9%84%d8%ae%d8%b1%d8%ac-%d8%a7%d9%84%d8%a3%d8%b3%d8%a8%d9%88%d8%b9%d9%8a%d8%a9-52.html
90,https://www.alsoouq.com/saudi-arabia-offers/offers-danube-riyadh/%d8%b9%d8%b1%d9%88%d8%b6-%d8%a7%d9%84%d8%af%d8%a7%d9%86%d9%88%d8%a8-%d8%ac%d9%85%d9%8a%d8%b9-%d8%a7%d9%84%d9%81%d8%b1%d9%88%d8%b9-%d8%a7%d9%84%d9%8a%d9%88%d9%85-19-%d8%af%d9%8a%d8%b3%d9%85%d8%a8%d8%b1.html
91,https://www.alsoouq.com/saudi-arabia-offers/offers-danube-riyadh/%d8%b9%d8%b1%d9%88%d8%b6-%d8%a7%d9%84%d8%af%d8%a7%d9%86%d9%88%d8%a8-%d8%a7%d9%84%d8%b1%d9%8a%d8%a7%d8%b6-%d9%88%d8%a7%d9%84%d8%ae%d8%b1%d8%ac-%d8%a7%d9%84%d8%a3%d8%b3%d8%a8%d9%88%d8%b9%d9%8a%d8%a9-51.html
92,https://www.alsoouq.com/saudi-arabia-offers/offers-danube-riyadh/%d8%b9%d8%b1%d9%88%d8%b6-%d8%a7%d9%84%d8%af%d8%a7%d9%86%d9%88%d8%a8-%d8%ac%d9%85%d9%8a%d8%b9-%d8%a7%d9%84%d9%81%d8%b1%d9%88%d8%b9-%d8%a7%d9%84%d9%8a%d9%88%d9%85-12-%d8%af%d9%8a%d8%b3%d9%85%d8%a8%d8%b1.html
93,https://www.alsoouq.com/saudi-arabia-offers/offers-danube-riyadh/%d8%b9%d8%b1%d9%88%d8%b6-%d8%a7%d9%84%d8%af%d8%a7%d9%86%d9%88%d8%a8-%d8%a7%d9%84%d8%b1%d9%8a%d8%a7%d8%b6-%d9%88%d8%a7%d9%84%d8%ae%d8%b1%d8%ac-%d8%a7%d9%84%d8%a3%d8%b3%d8%a8%d9%88%d8%b9%d9%8a%d8%a9-8-3.html
94,https://www.alsoouq.com/saudi-arabia-offers/offers-danube-riyadh/%d8%b9%d8%b1%d9%88%d8%b6-%d8%a7%d9%84%d8%af%d8%a7%d9%86%d9%88%d8%a8-%d8%ac%d9%85%d9%8a%d8%b9-%d8%a7%d9%84%d9%81%d8%b1%d9%88%d8%b9-%d8%a7%d9%84%d9%8a%d9%88%d9%85-5-%d8%af%d9%8a%d8%b3%d9%85%d8%a8%d8%b1.html
95,https://www.alsoouq.com/saudi-arabia-offers/offers-danube-riyadh/%d8%b9%d8%b1%d9%88%d8%b6-%d8%a7%d9%84%d8%af%d8%a7%d9%86%d9%88%d8%a8-%d8%a7%d9%84%d8%b1%d9%8a%d8%a7%d8%b6-%d9%88%d8%a7%d9%84%d8%ae%d8%b1%d8%ac-%d8%a7%d9%84%d8%a3%d8%b3%d8%a8%d9%88%d8%b9%d9%8a%d8%a9-50.html
96,https://www.alsoouq.com/saudi-arabia-offers/offers-danube-riyadh/%d8%b9%d8%b1%d9%88%d8%b6-%d8%a7%d9%84%d8%af%d8%a7%d9%86%d9%88%d8%a8-%d8%ac%d9%85%d9%8a%d8%b9-%d8%a7%d9%84%d9%81%d8%b1%d9%88%d8%b9-%d8%a7%d9%84%d9%8a%d9%88%d9%85-28-%d9%86%d9%88%d9%81%d9%85%d8%a8%d8%b1.html
97,https://www.alsoouq.com/saudi-arabia-offers/offers-danube-riyadh/%d8%b9%d8%b1%d9%88%d8%b6-%d8%a7%d9%84%d8%af%d8%a7%d9%86%d9%88%d8%a8-%d8%a7%d9%84%d8%b1%d9%8a%d8%a7%d8%b6-%d9%88%d8%a7%d9%84%d8%ae%d8%b1%d8%ac-%d8%a7%d9%84%d8%a3%d8%b3%d8%a8%d9%88%d8%b9%d9%8a%d8%a9-49.html
98,https://www.alsoouq.com/saudi-arabia-offers/offers-danube-riyadh/%d8%b9%d8%b1%d9%88%d8%b6-%d8%a7%d9%84%d8%af%d8%a7%d9%86%d9%88%d8%a8-%d8%ac%d9%85%d9%8a%d8%b9-%d8%a7%d9%84%d9%81%d8%b1%d9%88%d8%b9-%d8%a7%d9%84%d9%8a%d9%88%d9%85-21-%d9%86%d9%88%d9%81%d9%85%d8%a8%d8%b1.html
99,https://www.alsoouq.com/saudi-arabia-offers/offers-danube-riyadh/%d8%b9%d8%b1%d9%88%d8%b6-%d8%b3%d8%b1%d9%88%d8%a7%d8%aa-%d8%a7%d9%84%d9%8a%d9%88%d9%85-20-%d9%86%d9%88%d9%81%d9%85%d8%a8%d8%b1-2021-%d8%a7%d9%84%d9%85%d9%88%d8%a7%d9%81%d9%82-15-%d8%b1%d8%a8%d9%8a.html
100,https://www.alsoouq.com/saudi-arabia-offers/offers-danube-riyadh/%d8%b9%d8%b1%d9%88%d8%b6-%d8%a7%d9%84%d8%af%d8%a7%d9%86%d9%88%d8%a8-%d8%a7%d9%84%d8%b1%d9%8a%d8%a7%d8%b6-%d9%88%d8%a7%d9%84%d8%ae%d8%b1%d8%ac-%d8%a7%d9%84%d8%a3%d8%b3%d8%a8%d9%88%d8%b9%d9%8a%d8%a9-48.html
101,https://www.alsoouq.com/saudi-arabia-offers/offers-danube-riyadh/%d8%b9%d8%b1%d9%88%d8%b6-%d8%a7%d9%84%d8%af%d8%a7%d9%86%d9%88%d8%a8-%d8%ac%d9%85%d9%8a%d8%b9-%d8%a7%d9%84%d9%81%d8%b1%d9%88%d8%b9-%d8%a7%d9%84%d9%8a%d9%88%d9%85-14-%d9%86%d9%88%d9%81%d9%85%d8%a8%d8%b1.html
102,https://www.alsoouq.com/saudi-arabia-offers/offers-danube-riyadh/%d8%b9%d8%b1%d9%88%d8%b6-%d8%a7%d9%84%d8%af%d8%a7%d9%86%d9%88%d8%a8-%d8%a7%d9%84%d8%b1%d9%8a%d8%a7%d8%b6-%d9%88%d8%a7%d9%84%d8%ae%d8%b1%d8%ac-%d8%a7%d9%84%d8%a3%d8%b3%d8%a8%d9%88%d8%b9%d9%8a%d8%a9-47.html
103,https://www.alsoouq.com/saudi-arabia-offers/offers-danube-riyadh/%d8%b9%d8%b1%d9%88%d8%b6-%d8%a7%d9%84%d8%af%d8%a7%d9%86%d9%88%d8%a8-%d8%ac%d9%85%d9%8a%d8%b9-%d8%a7%d9%84%d9%81%d8%b1%d9%88%d8%b9-%d8%a7%d9%84%d9%8a%d9%88%d9%85-7-%d9%86%d9%88%d9%81%d9%85%d8%a8%d8%b1.html
104,https://www.alsoouq.com/saudi-arabia-offers/offers-danube-riyadh/%d8%b9%d8%b1%d9%88%d8%b6-%d8%a7%d9%84%d8%af%d8%a7%d9%86%d9%88%d8%a8-%d8%a7%d9%84%d8%b1%d9%8a%d8%a7%d8%b6-%d9%88%d8%a7%d9%84%d8%ae%d8%b1%d8%ac-%d8%a7%d9%84%d8%a3%d8%b3%d8%a8%d9%88%d8%b9%d9%8a%d8%a9-3-4.html
105,https://www.alsoouq.com/saudi-arabia-offers/offers-danube-riyadh/%d8%b9%d8%b1%d9%88%d8%b6-%d8%a7%d9%84%d8%af%d8%a7%d9%86%d9%88%d8%a8-%d8%ac%d9%85%d9%8a%d8%b9-%d8%a7%d9%84%d9%81%d8%b1%d9%88%d8%b9-%d8%a7%d9%84%d9%8a%d9%88%d9%85-31-%d8%a7%d9%83%d8%aa%d9%88%d8%a8%d8%b1.html
106,https://www.alsoouq.com/saudi-arabia-offers/offers-danube-riyadh/%d8%b9%d8%b1%d9%88%d8%b6-%d8%a7%d9%84%d8%af%d8%a7%d9%86%d9%88%d8%a8-%d8%a7%d9%84%d8%b1%d9%8a%d8%a7%d8%b6-%d9%88%d8%a7%d9%84%d8%ae%d8%b1%d8%ac-%d8%a7%d9%84%d8%a3%d8%b3%d8%a8%d9%88%d8%b9%d9%8a%d8%a9-46.html
107,https://www.alsoouq.com/saudi-arabia-offers/offers-danube-riyadh/%d8%b9%d8%b1%d9%88%d8%b6-%d8%a7%d9%84%d8%af%d8%a7%d9%86%d9%88%d8%a8-%d8%ac%d9%85%d9%8a%d8%b9-%d8%a7%d9%84%d9%81%d8%b1%d9%88%d8%b9-%d8%a7%d9%84%d9%8a%d9%88%d9%85-24-%d8%a7%d9%83%d8%aa%d9%88%d8%a8%d8%b1.html
108,https://www.alsoouq.com/saudi-arabia-offers/offers-danube-riyadh/%d8%b9%d8%b1%d9%88%d8%b6-%d8%a7%d9%84%d8%af%d8%a7%d9%86%d9%88%d8%a8-%d8%a7%d9%84%d8%b1%d9%8a%d8%a7%d8%b6-%d9%88%d8%a7%d9%84%d8%ae%d8%b1%d8%ac-%d8%a7%d9%84%d8%a3%d8%b3%d8%a8%d9%88%d8%b9%d9%8a%d8%a9-45.html
109,https://www.alsoouq.com/saudi-arabia-offers/offers-danube-riyadh/%d8%b9%d8%b1%d9%88%d8%b6-%d8%a7%d9%84%d8%af%d8%a7%d9%86%d9%88%d8%a8-%d8%ac%d9%85%d9%8a%d8%b9-%d8%a7%d9%84%d9%81%d8%b1%d9%88%d8%b9-%d8%a7%d9%84%d9%8a%d9%88%d9%85-17-%d8%a7%d9%83%d8%aa%d9%88%d8%a8%d8%b1.html
110,https://www.alsoouq.com/saudi-arabia-offers/offers-danube-riyadh/%d8%b9%d8%b1%d9%88%d8%b6-%d8%a7%d9%84%d8%af%d8%a7%d9%86%d9%88%d8%a8-%d8%a7%d9%84%d8%b1%d9%8a%d8%a7%d8%b6-%d9%88%d8%a7%d9%84%d8%ae%d8%b1%d8%ac-%d8%a7%d9%84%d8%a3%d8%b3%d8%a8%d9%88%d8%b9%d9%8a%d8%a9-44.html
111,https://www.alsoouq.com/saudi-arabia-offers/offers-danube-riyadh/%d8%b9%d8%b1%d9%88%d8%b6-%d8%a7%d9%84%d8%af%d8%a7%d9%86%d9%88%d8%a8-%d8%ac%d9%85%d9%8a%d8%b9-%d8%a7%d9%84%d9%81%d8%b1%d9%88%d8%b9-%d8%a7%d9%84%d9%8a%d9%88%d9%85-10-%d8%a7%d9%83%d8%aa%d9%88%d8%a8%d8%b1.html
112,https://www.alsoouq.com/saudi-arabia-offers/offers-danube-riyadh/%d8%b9%d8%b1%d9%88%d8%b6-%d8%a7%d9%84%d8%af%d8%a7%d9%86%d9%88%d8%a8-%d8%a7%d9%84%d8%b1%d9%8a%d8%a7%d8%b6-%d9%88%d8%a7%d9%84%d8%ae%d8%b1%d8%ac-%d8%a7%d9%84%d8%a3%d8%b3%d8%a8%d9%88%d8%b9%d9%8a%d8%a9-6-3.html
113,https://www.alsoouq.com/saudi-arabia-offers/offers-danube-riyadh/%d8%b9%d8%b1%d9%88%d8%b6-%d8%a7%d9%84%d8%af%d8%a7%d9%86%d9%88%d8%a8-%d8%ac%d9%85%d9%8a%d8%b9-%d8%a7%d9%84%d9%81%d8%b1%d9%88%d8%b9-%d8%a7%d9%84%d9%8a%d9%88%d9%85-3-%d8%a7%d9%83%d8%aa%d9%88%d8%a8%d8%b1.html
114,https://www.alsoouq.com/saudi-arabia-offers/offers-danube-riyadh/%d8%b9%d8%b1%d9%88%d8%b6-%d8%a7%d9%84%d8%af%d8%a7%d9%86%d9%88%d8%a8-%d8%a7%d9%84%d8%b1%d9%8a%d8%a7%d8%b6-%d9%88%d8%a7%d9%84%d8%ae%d8%b1%d8%ac-%d8%a7%d9%84%d8%a3%d8%b3%d8%a8%d9%88%d8%b9%d9%8a%d8%a9-43.html
115,https://www.alsoouq.com/saudi-arabia-offers/offers-danube-riyadh/%d8%b9%d8%b1%d9%88%d8%b6-%d8%a7%d9%84%d8%af%d8%a7%d9%86%d9%88%d8%a8-%d8%ac%d9%85%d9%8a%d8%b9-%d8%a7%d9%84%d9%81%d8%b1%d9%88%d8%b9-%d8%a7%d9%84%d9%8a%d9%88%d9%85-26-%d8%b3%d8%a8%d8%aa%d9%85%d8%a8%d8%b1.html
116,https://www.alsoouq.com/saudi-arabia-offers/offers-danube-riyadh/%d8%b9%d8%b1%d9%88%d8%b6-%d8%a7%d9%84%d8%af%d8%a7%d9%86%d9%88%d8%a8-%d8%a7%d9%84%d8%b1%d9%8a%d8%a7%d8%b6-%d9%88%d8%a7%d9%84%d8%ae%d8%b1%d8%ac-%d8%a7%d9%84%d8%a3%d8%b3%d8%a8%d9%88%d8%b9%d9%8a%d8%a9-42.html
117,https://www.alsoouq.com/saudi-arabia-offers/offers-danube-riyadh/%d8%b9%d8%b1%d9%88%d8%b6-%d8%a7%d9%84%d8%af%d8%a7%d9%86%d9%88%d8%a8-%d8%ac%d9%85%d9%8a%d8%b9-%d8%a7%d9%84%d9%81%d8%b1%d9%88%d8%b9-%d8%a7%d9%84%d9%8a%d9%88%d9%85-19-%d8%b3%d8%a8%d8%aa%d9%85%d8%a8%d8%b1.html
118,https://www.alsoouq.com/saudi-arabia-offers/offers-danube-riyadh/%d8%b9%d8%b1%d9%88%d8%b6-%d8%a7%d9%84%d8%af%d8%a7%d9%86%d9%88%d8%a8-%d8%a7%d9%84%d8%b1%d9%8a%d8%a7%d8%b6-%d9%88%d8%a7%d9%84%d8%ae%d8%b1%d8%ac-%d8%a7%d9%84%d8%a3%d8%b3%d8%a8%d9%88%d8%b9%d9%8a%d8%a9-41.html
119,https://www.alsoouq.com/saudi-arabia-offers/offers-danube-riyadh/%d8%b9%d8%b1%d9%88%d8%b6-%d8%a7%d9%84%d8%af%d8%a7%d9%86%d9%88%d8%a8-%d8%ac%d9%85%d9%8a%d8%b9-%d8%a7%d9%84%d9%81%d8%b1%d9%88%d8%b9-%d8%a7%d9%84%d9%8a%d9%88%d9%85-12-%d8%b3%d8%a8%d8%aa%d9%85%d8%a8%d8%b1.html
120,https://www.alsoouq.com/saudi-arabia-offers/offers-danube-riyadh/%d8%b9%d8%b1%d9%88%d8%b6-%d8%a7%d9%84%d8%af%d8%a7%d9%86%d9%88%d8%a8-%d8%a7%d9%84%d8%b1%d9%8a%d8%a7%d8%b6-%d9%88%d8%a7%d9%84%d8%ae%d8%b1%d8%ac-%d8%a7%d9%84%d8%a3%d8%b3%d8%a8%d9%88%d8%b9%d9%8a%d8%a9-8-2.html
121,https://www.alsoouq.com/saudi-arabia-offers/offers-danube-riyadh/%d8%b9%d8%b1%d9%88%d8%b6-%d8%a7%d9%84%d8%af%d8%a7%d9%86%d9%88%d8%a8-%d8%ac%d9%85%d9%8a%d8%b9-%d8%a7%d9%84%d9%81%d8%b1%d9%88%d8%b9-%d8%a7%d9%84%d9%8a%d9%88%d9%85-5-%d8%b3%d8%a8%d8%aa%d9%85%d8%a8%d8%b1.html
122,https://www.alsoouq.com/saudi-arabia-offers/offers-danube-riyadh/%d8%b9%d8%b1%d9%88%d8%b6-%d8%a7%d9%84%d8%af%d8%a7%d9%86%d9%88%d8%a8-%d8%a7%d9%84%d8%b1%d9%8a%d8%a7%d8%b6-%d9%88%d8%a7%d9%84%d8%ae%d8%b1%d8%ac-%d8%a7%d9%84%d8%a3%d8%b3%d8%a8%d9%88%d8%b9%d9%8a%d8%a9-1.html
123,https://www.alsoouq.com/saudi-arabia-offers/offers-danube-riyadh/%d8%b9%d8%b1%d9%88%d8%b6-%d8%a7%d9%84%d8%af%d8%a7%d9%86%d9%88%d8%a8-%d8%ac%d9%85%d9%8a%d8%b9-%d8%a7%d9%84%d9%81%d8%b1%d9%88%d8%b9-%d8%a7%d9%84%d9%8a%d9%88%d9%85-29-%d8%a7%d8%ba%d8%b3%d8%b7%d8%b3-2021.html
124,https://www.alsoouq.com/saudi-arabia-offers/offers-danube-riyadh/%d8%b9%d8%b1%d9%88%d8%b6-%d8%a7%d9%84%d8%af%d8%a7%d9%86%d9%88%d8%a8-%d8%a7%d9%84%d8%b1%d9%8a%d8%a7%d8%b6-%d9%88%d8%a7%d9%84%d8%ae%d8%b1%d8%ac-%d8%a7%d9%84%d8%a3%d8%b3%d8%a8%d9%88%d8%b9%d9%8a%d8%a9-40.html
125,https://www.alsoouq.com/saudi-arabia-offers/offers-danube-riyadh/%d8%b9%d8%b1%d9%88%d8%b6-%d8%a7%d9%84%d8%af%d8%a7%d9%86%d9%88%d8%a8-%d8%ac%d9%85%d9%8a%d8%b9-%d8%a7%d9%84%d9%81%d8%b1%d9%88%d8%b9-%d8%a7%d9%84%d9%8a%d9%88%d9%85-22-%d8%a7%d8%ba%d8%b3%d8%b7%d8%b3-2021.html
126,https://www.alsoouq.com/saudi-arabia-offers/offers-danube-riyadh/%d8%b9%d8%b1%d9%88%d8%b6-%d8%a7%d9%84%d8%af%d8%a7%d9%86%d9%88%d8%a8-%d8%a7%d9%84%d8%b1%d9%8a%d8%a7%d8%b6-%d9%88%d8%a7%d9%84%d8%ae%d8%b1%d8%ac-%d8%a7%d9%84%d8%a3%d8%b3%d8%a8%d9%88%d8%b9%d9%8a%d8%a9-39.html
127,https://www.alsoouq.com/saudi-arabia-offers/offers-danube-riyadh/%d8%b9%d8%b1%d9%88%d8%b6-%d8%a7%d9%84%d8%af%d8%a7%d9%86%d9%88%d8%a8-%d8%a7%d9%84%d8%b1%d9%8a%d8%a7%d8%b6-%d9%88%d8%a7%d9%84%d8%ae%d8%b1%d8%ac-%d8%a7%d9%84%d8%a3%d8%b3%d8%a8%d9%88%d8%b9%d9%8a%d8%a9-38.html
128,https://www.alsoouq.com/saudi-arabia-offers/offers-danube-riyadh/%d8%b9%d8%b1%d9%88%d8%b6-%d8%a7%d9%84%d8%af%d8%a7%d9%86%d9%88%d8%a8-%d8%a7%d9%84%d8%b1%d9%8a%d8%a7%d8%b6-%d9%88%d8%a7%d9%84%d8%ae%d8%b1%d8%ac-%d8%a7%d9%84%d8%a3%d8%b3%d8%a8%d9%88%d8%b9%d9%8a%d8%a9-4-2.html
129,https://www.alsoouq.com/saudi-arabia-offers/offers-danube-riyadh/%d8%b9%d8%b1%d9%88%d8%b6-%d8%a7%d9%84%d8%af%d8%a7%d9%86%d9%88%d8%a8-%d8%ac%d9%85%d9%8a%d8%b9-%d8%a7%d9%84%d9%81%d8%b1%d9%88%d8%b9-%d8%a7%d9%84%d9%8a%d9%88%d9%85-1-%d8%a7%d8%ba%d8%b3%d8%b7%d8%b3-2021.html
130,https://www.alsoouq.com/saudi-arabia-offers/offers-danube-riyadh/%d8%b9%d8%b1%d9%88%d8%b6-%d8%a7%d9%84%d8%af%d8%a7%d9%86%d9%88%d8%a8-%d8%a7%d9%84%d8%b1%d9%8a%d8%a7%d8%b6-%d9%88%d8%a7%d9%84%d8%ae%d8%b1%d8%ac-%d8%a7%d9%84%d8%a3%d8%b3%d8%a8%d9%88%d8%b9%d9%8a%d8%a9-37.html
131,https://www.alsoouq.com/saudi-arabia-offers/offers-danube-riyadh/%d8%b9%d8%b1%d9%88%d8%b6-%d8%a7%d9%84%d8%af%d8%a7%d9%86%d9%88%d8%a8-%d8%ac%d9%85%d9%8a%d8%b9-%d8%a7%d9%84%d9%81%d8%b1%d9%88%d8%b9-%d8%a7%d9%84%d9%8a%d9%88%d9%85-18-%d9%8a%d9%88%d9%84%d9%8a%d9%88-2021.html
132,https://www.alsoouq.com/saudi-arabia-offers/offers-danube-riyadh/%d8%b9%d8%b1%d9%88%d8%b6-%d8%a7%d9%84%d8%af%d8%a7%d9%86%d9%88%d8%a8-%d8%a7%d9%84%d8%b1%d9%8a%d8%a7%d8%b6-%d9%88%d8%a7%d9%84%d8%ae%d8%b1%d8%ac-%d8%a7%d9%84%d8%a3%d8%b3%d8%a8%d9%88%d8%b9%d9%8a%d8%a9-36.html
133,https://www.alsoouq.com/saudi-arabia-offers/offers-danube-riyadh/%d8%b9%d8%b1%d9%88%d8%b6-%d8%a7%d9%84%d8%af%d8%a7%d9%86%d9%88%d8%a8-%d8%ac%d9%85%d9%8a%d8%b9-%d8%a7%d9%84%d9%81%d8%b1%d9%88%d8%b9-%d8%a7%d9%84%d9%8a%d9%88%d9%85-11-%d9%8a%d9%88%d9%84%d9%8a%d9%88-2021.html
134,https://www.alsoouq.com/saudi-arabia-offers/offers-danube-riyadh/%d8%b9%d8%b1%d9%88%d8%b6-%d8%a7%d9%84%d8%af%d8%a7%d9%86%d9%88%d8%a8-%d8%a7%d9%84%d8%b1%d9%8a%d8%a7%d8%b6-%d9%88%d8%a7%d9%84%d8%ae%d8%b1%d8%ac-%d8%a7%d9%84%d8%a3%d8%b3%d8%a8%d9%88%d8%b9%d9%8a%d8%a9-7-3.html
135,https://www.alsoouq.com/saudi-arabia-offers/offers-danube-riyadh/%d8%b9%d8%b1%d9%88%d8%b6-%d8%a7%d9%84%d8%af%d8%a7%d9%86%d9%88%d8%a8-%d8%a7%d9%84%d8%b1%d9%8a%d8%a7%d8%b6-%d9%88%d8%a7%d9%84%d8%ae%d8%b1%d8%ac-%d8%a7%d9%84%d8%a3%d8%b3%d8%a8%d9%88%d8%b9%d9%8a%d8%a9-3-3.html
136,https://www.alsoouq.com/saudi-arabia-offers/offers-danube-riyadh/%d8%b9%d8%b1%d9%88%d8%b6-%d8%a7%d9%84%d8%af%d8%a7%d9%86%d9%88%d8%a8-%d8%a7%d9%84%d8%b1%d9%8a%d8%a7%d8%b6-%d9%88%d8%a7%d9%84%d8%ae%d8%b1%d8%ac-%d8%a7%d9%84%d8%a3%d8%b3%d8%a8%d9%88%d8%b9%d9%8a%d8%a9-35.html
137,https://www.alsoouq.com/saudi-arabia-offers/offers-danube-riyadh/%d8%b9%d8%b1%d9%88%d8%b6-%d8%a7%d9%84%d8%af%d8%a7%d9%86%d9%88%d8%a8-%d8%a7%d9%84%d8%b1%d9%8a%d8%a7%d8%b6-%d9%88%d8%a7%d9%84%d8%ae%d8%b1%d8%ac-%d8%a7%d9%84%d8%a3%d8%b3%d8%a8%d9%88%d8%b9%d9%8a%d8%a9-34.html
138,https://www.alsoouq.com/saudi-arabia-offers/offers-danube-riyadh/%d8%b9%d8%b1%d9%88%d8%b6-%d8%a7%d9%84%d8%af%d8%a7%d9%86%d9%88%d8%a8-%d8%ac%d9%85%d9%8a%d8%b9-%d8%a7%d9%84%d9%81%d8%b1%d9%88%d8%b9-%d8%a7%d9%84%d9%8a%d9%88%d9%85-13-%d9%8a%d9%88%d9%86%d9%8a%d9%88-2021.html
139,https://www.alsoouq.com/saudi-arabia-offers/offers-danube-riyadh/%d8%b9%d8%b1%d9%88%d8%b6-%d8%a7%d9%84%d8%af%d8%a7%d9%86%d9%88%d8%a8-%d8%a7%d9%84%d8%b1%d9%8a%d8%a7%d8%b6-%d9%88%d8%a7%d9%84%d8%ae%d8%b1%d8%ac-%d8%a7%d9%84%d8%a3%d8%b3%d8%a8%d9%88%d8%b9%d9%8a%d8%a9-9-3.html
140,https://www.alsoouq.com/saudi-arabia-offers/offers-danube-riyadh/%d8%b9%d8%b1%d9%88%d8%b6-%d8%a7%d9%84%d8%af%d8%a7%d9%86%d9%88%d8%a8-%d8%a7%d9%84%d8%b1%d9%8a%d8%a7%d8%b6-%d9%88%d8%a7%d9%84%d8%ae%d8%b1%d8%ac-%d8%a7%d9%84%d8%a3%d8%b3%d8%a8%d9%88%d8%b9%d9%8a%d8%a9-33.html
141,https://www.alsoouq.com/saudi-arabia-offers/offers-danube-riyadh/%d8%b9%d8%b1%d9%88%d8%b6-%d8%a7%d9%84%d8%af%d8%a7%d9%86%d9%88%d8%a8-%d8%ac%d9%85%d9%8a%d8%b9-%d8%a7%d9%84%d9%81%d8%b1%d9%88%d8%b9-%d8%a7%d9%84%d8%a3%d8%b3%d8%a8%d9%88%d8%b9%d9%8a%d8%a9-30-%d9%85%d8%a7.html
142,https://www.alsoouq.com/saudi-arabia-offers/offers-danube-riyadh/%d8%b9%d8%b1%d9%88%d8%b6-%d8%a7%d9%84%d8%af%d8%a7%d9%86%d9%88%d8%a8-%d8%a7%d9%84%d8%b1%d9%8a%d8%a7%d8%b6-%d9%88%d8%a7%d9%84%d8%ae%d8%b1%d8%ac-%d8%a7%d9%84%d8%a3%d8%b3%d8%a8%d9%88%d8%b9%d9%8a%d8%a9-32.html
143,https://www.alsoouq.com/saudi-arabia-offers/offers-danube-riyadh/%d8%b9%d8%b1%d9%88%d8%b6-%d8%a7%d9%84%d8%af%d8%a7%d9%86%d9%88%d8%a8-%d8%ac%d9%85%d9%8a%d8%b9-%d8%a7%d9%84%d9%81%d8%b1%d9%88%d8%b9-%d8%a7%d9%84%d8%a3%d8%b3%d8%a8%d9%88%d8%b9%d9%8a%d8%a9-23-%d9%85%d8%a7.html
144,https://www.alsoouq.com/saudi-arabia-offers/offers-danube-riyadh/%d8%b9%d8%b1%d9%88%d8%b6-%d8%a7%d9%84%d8%af%d8%a7%d9%86%d9%88%d8%a8-%d8%a7%d9%84%d8%b1%d9%8a%d8%a7%d8%b6-%d9%88%d8%a7%d9%84%d8%ae%d8%b1%d8%ac-%d8%a7%d9%84%d8%a3%d8%b3%d8%a8%d9%88%d8%b9%d9%8a%d8%a9-23.html
145,https://www.alsoouq.com/saudi-arabia-offers/offers-danube-riyadh/%d8%b9%d8%b1%d9%88%d8%b6-%d8%a7%d9%84%d8%af%d8%a7%d9%86%d9%88%d8%a8-%d8%a7%d9%84%d8%b1%d9%8a%d8%a7%d8%b6-%d9%88%d8%a7%d9%84%d8%ae%d8%b1%d8%ac-%d8%a7%d9%84%d8%a3%d8%b3%d8%a8%d9%88%d8%b9%d9%8a%d8%a9-1-9.html
146,https://www.alsoouq.com/saudi-arabia-offers/offers-danube-riyadh/%d8%b9%d8%b1%d9%88%d8%b6-%d8%a7%d9%84%d8%af%d8%a7%d9%86%d9%88%d8%a8-%d8%a7%d9%84%d8%b1%d9%8a%d8%a7%d8%b6-%d9%88%d8%a7%d9%84%d8%ae%d8%b1%d8%ac-%d8%a7%d9%84%d8%a3%d8%b3%d8%a8%d9%88%d8%b9%d9%8a%d8%a9-5-2.html
147,https://www.alsoouq.com/saudi-arabia-offers/offers-danube-riyadh/%d8%b9%d8%b1%d9%88%d8%b6-%d8%a7%d9%84%d8%af%d8%a7%d9%86%d9%88%d8%a8-%d8%a7%d9%84%d8%b1%d9%8a%d8%a7%d8%b6-%d9%88%d8%a7%d9%84%d8%ae%d8%b1%d8%ac-%d8%a7%d9%84%d8%a3%d8%b3%d8%a8%d9%88%d8%b9%d9%8a%d8%a9-2-9.html
148,https://www.alsoouq.com/saudi-arabia-offers/offers-danube-riyadh/%d8%b9%d8%b1%d9%88%d8%b6-%d8%a7%d9%84%d8%af%d8%a7%d9%86%d9%88%d8%a8-%d8%a7%d9%84%d8%b1%d9%8a%d8%a7%d8%b6-%d9%88%d8%a7%d9%84%d8%ae%d8%b1%d8%ac-%d8%a7%d9%84%d8%a3%d8%b3%d8%a8%d9%88%d8%b9%d9%8a%d8%a9-2-8.html
149,https://www.alsoouq.com/saudi-arabia-offers/offers-danube-riyadh/%d8%b9%d8%b1%d9%88%d8%b6-%d8%a7%d9%84%d8%af%d8%a7%d9%86%d9%88%d8%a8-%d8%a7%d9%84%d8%b1%d9%8a%d8%a7%d8%b6-%d9%88%d8%a7%d9%84%d8%ae%d8%b1%d8%ac-%d8%a7%d9%84%d8%a3%d8%b3%d8%a8%d9%88%d8%b9%d9%8a%d8%a9-1-8.html
