img_link,image_page_number,booklet_name,booklet_link,img_name
https://www.alsoouq.com//uploads/2022/07/5677489459.png,1.0,عروض الدانوب الرياض والخرج الأسبوعية 13 يوليو 2022 الموافق 13 ذو الحجة 1443,https://www.alsoouq.com/saudi-arabia-offers/offers-danube-riyadh/%d8%b9%d8%b1%d9%88%d8%b6-%d8%a7%d9%84%d8%af%d8%a7%d9%86%d9%88%d8%a8-%d8%a7%d9%84%d8%b1%d9%8a%d8%a7%d8%b6-%d9%88%d8%a7%d9%84%d8%ae%d8%b1%d8%ac-%d8%a7%d9%84%d8%a3%d8%b3%d8%a8%d9%88%d8%b9%d9%8a%d8%a9-71.html,5677489459.png
https://www.alsoouq.com//uploads/2022/07/2234035935.png,1.0,عروض الدانوب الرياض والخرج الأسبوعية 13 يوليو 2022 الموافق 13 ذو الحجة 1443,https://www.alsoouq.com/saudi-arabia-offers/offers-danube-riyadh/%d8%b9%d8%b1%d9%88%d8%b6-%d8%a7%d9%84%d8%af%d8%a7%d9%86%d9%88%d8%a8-%d8%a7%d9%84%d8%b1%d9%8a%d8%a7%d8%b6-%d9%88%d8%a7%d9%84%d8%ae%d8%b1%d8%ac-%d8%a7%d9%84%d8%a3%d8%b3%d8%a8%d9%88%d8%b9%d9%8a%d8%a9-71.html,2234035935.png
https://www.alsoouq.com//uploads/2022/07/8183366686.png,1.0,عروض الدانوب الرياض والخرج الأسبوعية 13 يوليو 2022 الموافق 13 ذو الحجة 1443,https://www.alsoouq.com/saudi-arabia-offers/offers-danube-riyadh/%d8%b9%d8%b1%d9%88%d8%b6-%d8%a7%d9%84%d8%af%d8%a7%d9%86%d9%88%d8%a8-%d8%a7%d9%84%d8%b1%d9%8a%d8%a7%d8%b6-%d9%88%d8%a7%d9%84%d8%ae%d8%b1%d8%ac-%d8%a7%d9%84%d8%a3%d8%b3%d8%a8%d9%88%d8%b9%d9%8a%d8%a9-71.html,8183366686.png
https://www.alsoouq.com//uploads/2022/07/8574374542.png,1.0,عروض الدانوب الرياض والخرج الأسبوعية 13 يوليو 2022 الموافق 13 ذو الحجة 1443,https://www.alsoouq.com/saudi-arabia-offers/offers-danube-riyadh/%d8%b9%d8%b1%d9%88%d8%b6-%d8%a7%d9%84%d8%af%d8%a7%d9%86%d9%88%d8%a8-%d8%a7%d9%84%d8%b1%d9%8a%d8%a7%d8%b6-%d9%88%d8%a7%d9%84%d8%ae%d8%b1%d8%ac-%d8%a7%d9%84%d8%a3%d8%b3%d8%a8%d9%88%d8%b9%d9%8a%d8%a9-71.html,8574374542.png
https://www.alsoouq.com//uploads/2022/07/1207384378.png,2.0,عروض الدانوب الرياض والخرج الأسبوعية 13 يوليو 2022 الموافق 13 ذو الحجة 1443,https://www.alsoouq.com/saudi-arabia-offers/offers-danube-riyadh/%d8%b9%d8%b1%d9%88%d8%b6-%d8%a7%d9%84%d8%af%d8%a7%d9%86%d9%88%d8%a8-%d8%a7%d9%84%d8%b1%d9%8a%d8%a7%d8%b6-%d9%88%d8%a7%d9%84%d8%ae%d8%b1%d8%ac-%d8%a7%d9%84%d8%a3%d8%b3%d8%a8%d9%88%d8%b9%d9%8a%d8%a9-71.html,1207384378.png
https://www.alsoouq.com//uploads/2022/07/3552384626.png,2.0,عروض الدانوب الرياض والخرج الأسبوعية 13 يوليو 2022 الموافق 13 ذو الحجة 1443,https://www.alsoouq.com/saudi-arabia-offers/offers-danube-riyadh/%d8%b9%d8%b1%d9%88%d8%b6-%d8%a7%d9%84%d8%af%d8%a7%d9%86%d9%88%d8%a8-%d8%a7%d9%84%d8%b1%d9%8a%d8%a7%d8%b6-%d9%88%d8%a7%d9%84%d8%ae%d8%b1%d8%ac-%d8%a7%d9%84%d8%a3%d8%b3%d8%a8%d9%88%d8%b9%d9%8a%d8%a9-71.html,3552384626.png
https://www.alsoouq.com//uploads/2022/07/718916682.png,2.0,عروض الدانوب الرياض والخرج الأسبوعية 13 يوليو 2022 الموافق 13 ذو الحجة 1443,https://www.alsoouq.com/saudi-arabia-offers/offers-danube-riyadh/%d8%b9%d8%b1%d9%88%d8%b6-%d8%a7%d9%84%d8%af%d8%a7%d9%86%d9%88%d8%a8-%d8%a7%d9%84%d8%b1%d9%8a%d8%a7%d8%b6-%d9%88%d8%a7%d9%84%d8%ae%d8%b1%d8%ac-%d8%a7%d9%84%d8%a3%d8%b3%d8%a8%d9%88%d8%b9%d9%8a%d8%a9-71.html,718916682.png
https://www.alsoouq.com//uploads/2022/07/1286654683.png,2.0,عروض الدانوب الرياض والخرج الأسبوعية 13 يوليو 2022 الموافق 13 ذو الحجة 1443,https://www.alsoouq.com/saudi-arabia-offers/offers-danube-riyadh/%d8%b9%d8%b1%d9%88%d8%b6-%d8%a7%d9%84%d8%af%d8%a7%d9%86%d9%88%d8%a8-%d8%a7%d9%84%d8%b1%d9%8a%d8%a7%d8%b6-%d9%88%d8%a7%d9%84%d8%ae%d8%b1%d8%ac-%d8%a7%d9%84%d8%a3%d8%b3%d8%a8%d9%88%d8%b9%d9%8a%d8%a9-71.html,1286654683.png
https://www.alsoouq.com//uploads/2022/07/5424310478.png,3.0,عروض الدانوب الرياض والخرج الأسبوعية 13 يوليو 2022 الموافق 13 ذو الحجة 1443,https://www.alsoouq.com/saudi-arabia-offers/offers-danube-riyadh/%d8%b9%d8%b1%d9%88%d8%b6-%d8%a7%d9%84%d8%af%d8%a7%d9%86%d9%88%d8%a8-%d8%a7%d9%84%d8%b1%d9%8a%d8%a7%d8%b6-%d9%88%d8%a7%d9%84%d8%ae%d8%b1%d8%ac-%d8%a7%d9%84%d8%a3%d8%b3%d8%a8%d9%88%d8%b9%d9%8a%d8%a9-71.html,5424310478.png
https://www.alsoouq.com//uploads/2022/07/1900343781.png,3.0,عروض الدانوب الرياض والخرج الأسبوعية 13 يوليو 2022 الموافق 13 ذو الحجة 1443,https://www.alsoouq.com/saudi-arabia-offers/offers-danube-riyadh/%d8%b9%d8%b1%d9%88%d8%b6-%d8%a7%d9%84%d8%af%d8%a7%d9%86%d9%88%d8%a8-%d8%a7%d9%84%d8%b1%d9%8a%d8%a7%d8%b6-%d9%88%d8%a7%d9%84%d8%ae%d8%b1%d8%ac-%d8%a7%d9%84%d8%a3%d8%b3%d8%a8%d9%88%d8%b9%d9%8a%d8%a9-71.html,1900343781.png
https://www.alsoouq.com//uploads/2022/07/9440470747.png,3.0,عروض الدانوب الرياض والخرج الأسبوعية 13 يوليو 2022 الموافق 13 ذو الحجة 1443,https://www.alsoouq.com/saudi-arabia-offers/offers-danube-riyadh/%d8%b9%d8%b1%d9%88%d8%b6-%d8%a7%d9%84%d8%af%d8%a7%d9%86%d9%88%d8%a8-%d8%a7%d9%84%d8%b1%d9%8a%d8%a7%d8%b6-%d9%88%d8%a7%d9%84%d8%ae%d8%b1%d8%ac-%d8%a7%d9%84%d8%a3%d8%b3%d8%a8%d9%88%d8%b9%d9%8a%d8%a9-71.html,9440470747.png
https://www.alsoouq.com//uploads/2022/07/9560132146.png,3.0,عروض الدانوب الرياض والخرج الأسبوعية 13 يوليو 2022 الموافق 13 ذو الحجة 1443,https://www.alsoouq.com/saudi-arabia-offers/offers-danube-riyadh/%d8%b9%d8%b1%d9%88%d8%b6-%d8%a7%d9%84%d8%af%d8%a7%d9%86%d9%88%d8%a8-%d8%a7%d9%84%d8%b1%d9%8a%d8%a7%d8%b6-%d9%88%d8%a7%d9%84%d8%ae%d8%b1%d8%ac-%d8%a7%d9%84%d8%a3%d8%b3%d8%a8%d9%88%d8%b9%d9%8a%d8%a9-71.html,9560132146.png
https://www.alsoouq.com//uploads/2022/07/4962069294.png,4.0,عروض الدانوب الرياض والخرج الأسبوعية 13 يوليو 2022 الموافق 13 ذو الحجة 1443,https://www.alsoouq.com/saudi-arabia-offers/offers-danube-riyadh/%d8%b9%d8%b1%d9%88%d8%b6-%d8%a7%d9%84%d8%af%d8%a7%d9%86%d9%88%d8%a8-%d8%a7%d9%84%d8%b1%d9%8a%d8%a7%d8%b6-%d9%88%d8%a7%d9%84%d8%ae%d8%b1%d8%ac-%d8%a7%d9%84%d8%a3%d8%b3%d8%a8%d9%88%d8%b9%d9%8a%d8%a9-71.html,4962069294.png
https://www.alsoouq.com//uploads/2022/07/8577395057.png,4.0,عروض الدانوب الرياض والخرج الأسبوعية 13 يوليو 2022 الموافق 13 ذو الحجة 1443,https://www.alsoouq.com/saudi-arabia-offers/offers-danube-riyadh/%d8%b9%d8%b1%d9%88%d8%b6-%d8%a7%d9%84%d8%af%d8%a7%d9%86%d9%88%d8%a8-%d8%a7%d9%84%d8%b1%d9%8a%d8%a7%d8%b6-%d9%88%d8%a7%d9%84%d8%ae%d8%b1%d8%ac-%d8%a7%d9%84%d8%a3%d8%b3%d8%a8%d9%88%d8%b9%d9%8a%d8%a9-71.html,8577395057.png
https://www.alsoouq.com//uploads/2022/07/1926723401.png,4.0,عروض الدانوب الرياض والخرج الأسبوعية 13 يوليو 2022 الموافق 13 ذو الحجة 1443,https://www.alsoouq.com/saudi-arabia-offers/offers-danube-riyadh/%d8%b9%d8%b1%d9%88%d8%b6-%d8%a7%d9%84%d8%af%d8%a7%d9%86%d9%88%d8%a8-%d8%a7%d9%84%d8%b1%d9%8a%d8%a7%d8%b6-%d9%88%d8%a7%d9%84%d8%ae%d8%b1%d8%ac-%d8%a7%d9%84%d8%a3%d8%b3%d8%a8%d9%88%d8%b9%d9%8a%d8%a9-71.html,1926723401.png
https://www.alsoouq.com//uploads/2022/07/2854129288.png,4.0,عروض الدانوب الرياض والخرج الأسبوعية 13 يوليو 2022 الموافق 13 ذو الحجة 1443,https://www.alsoouq.com/saudi-arabia-offers/offers-danube-riyadh/%d8%b9%d8%b1%d9%88%d8%b6-%d8%a7%d9%84%d8%af%d8%a7%d9%86%d9%88%d8%a8-%d8%a7%d9%84%d8%b1%d9%8a%d8%a7%d8%b6-%d9%88%d8%a7%d9%84%d8%ae%d8%b1%d8%ac-%d8%a7%d9%84%d8%a3%d8%b3%d8%a8%d9%88%d8%b9%d9%8a%d8%a9-71.html,2854129288.png
https://www.alsoouq.com//uploads/2022/07/3601582955.png,5.0,عروض الدانوب الرياض والخرج الأسبوعية 13 يوليو 2022 الموافق 13 ذو الحجة 1443,https://www.alsoouq.com/saudi-arabia-offers/offers-danube-riyadh/%d8%b9%d8%b1%d9%88%d8%b6-%d8%a7%d9%84%d8%af%d8%a7%d9%86%d9%88%d8%a8-%d8%a7%d9%84%d8%b1%d9%8a%d8%a7%d8%b6-%d9%88%d8%a7%d9%84%d8%ae%d8%b1%d8%ac-%d8%a7%d9%84%d8%a3%d8%b3%d8%a8%d9%88%d8%b9%d9%8a%d8%a9-71.html,3601582955.png
https://www.alsoouq.com//uploads/2022/07/8116993455.png,5.0,عروض الدانوب الرياض والخرج الأسبوعية 13 يوليو 2022 الموافق 13 ذو الحجة 1443,https://www.alsoouq.com/saudi-arabia-offers/offers-danube-riyadh/%d8%b9%d8%b1%d9%88%d8%b6-%d8%a7%d9%84%d8%af%d8%a7%d9%86%d9%88%d8%a8-%d8%a7%d9%84%d8%b1%d9%8a%d8%a7%d8%b6-%d9%88%d8%a7%d9%84%d8%ae%d8%b1%d8%ac-%d8%a7%d9%84%d8%a3%d8%b3%d8%a8%d9%88%d8%b9%d9%8a%d8%a9-71.html,8116993455.png
https://www.alsoouq.com//uploads/2022/07/5078551698.png,5.0,عروض الدانوب الرياض والخرج الأسبوعية 13 يوليو 2022 الموافق 13 ذو الحجة 1443,https://www.alsoouq.com/saudi-arabia-offers/offers-danube-riyadh/%d8%b9%d8%b1%d9%88%d8%b6-%d8%a7%d9%84%d8%af%d8%a7%d9%86%d9%88%d8%a8-%d8%a7%d9%84%d8%b1%d9%8a%d8%a7%d8%b6-%d9%88%d8%a7%d9%84%d8%ae%d8%b1%d8%ac-%d8%a7%d9%84%d8%a3%d8%b3%d8%a8%d9%88%d8%b9%d9%8a%d8%a9-71.html,5078551698.png
https://www.alsoouq.com//uploads/2022/07/2379469605.png,5.0,عروض الدانوب الرياض والخرج الأسبوعية 13 يوليو 2022 الموافق 13 ذو الحجة 1443,https://www.alsoouq.com/saudi-arabia-offers/offers-danube-riyadh/%d8%b9%d8%b1%d9%88%d8%b6-%d8%a7%d9%84%d8%af%d8%a7%d9%86%d9%88%d8%a8-%d8%a7%d9%84%d8%b1%d9%8a%d8%a7%d8%b6-%d9%88%d8%a7%d9%84%d8%ae%d8%b1%d8%ac-%d8%a7%d9%84%d8%a3%d8%b3%d8%a8%d9%88%d8%b9%d9%8a%d8%a9-71.html,2379469605.png
https://www.alsoouq.com//uploads/2022/07/9364395423.png,5.0,عروض الدانوب الرياض والخرج الأسبوعية 13 يوليو 2022 الموافق 13 ذو الحجة 1443,https://www.alsoouq.com/saudi-arabia-offers/offers-danube-riyadh/%d8%b9%d8%b1%d9%88%d8%b6-%d8%a7%d9%84%d8%af%d8%a7%d9%86%d9%88%d8%a8-%d8%a7%d9%84%d8%b1%d9%8a%d8%a7%d8%b6-%d9%88%d8%a7%d9%84%d8%ae%d8%b1%d8%ac-%d8%a7%d9%84%d8%a3%d8%b3%d8%a8%d9%88%d8%b9%d9%8a%d8%a9-71.html,9364395423.png
https://www.alsoouq.com//uploads/2022/07/6841648381.png,5.0,عروض الدانوب الرياض والخرج الأسبوعية 13 يوليو 2022 الموافق 13 ذو الحجة 1443,https://www.alsoouq.com/saudi-arabia-offers/offers-danube-riyadh/%d8%b9%d8%b1%d9%88%d8%b6-%d8%a7%d9%84%d8%af%d8%a7%d9%86%d9%88%d8%a8-%d8%a7%d9%84%d8%b1%d9%8a%d8%a7%d8%b6-%d9%88%d8%a7%d9%84%d8%ae%d8%b1%d8%ac-%d8%a7%d9%84%d8%a3%d8%b3%d8%a8%d9%88%d8%b9%d9%8a%d8%a9-71.html,6841648381.png
https://www.alsoouq.com//uploads/2022/07/420100077.png,5.0,عروض الدانوب الرياض والخرج الأسبوعية 13 يوليو 2022 الموافق 13 ذو الحجة 1443,https://www.alsoouq.com/saudi-arabia-offers/offers-danube-riyadh/%d8%b9%d8%b1%d9%88%d8%b6-%d8%a7%d9%84%d8%af%d8%a7%d9%86%d9%88%d8%a8-%d8%a7%d9%84%d8%b1%d9%8a%d8%a7%d8%b6-%d9%88%d8%a7%d9%84%d8%ae%d8%b1%d8%ac-%d8%a7%d9%84%d8%a3%d8%b3%d8%a8%d9%88%d8%b9%d9%8a%d8%a9-71.html,420100077.png
https://www.alsoouq.com//uploads/2022/07/7053311189.png,5.0,عروض الدانوب الرياض والخرج الأسبوعية 13 يوليو 2022 الموافق 13 ذو الحجة 1443,https://www.alsoouq.com/saudi-arabia-offers/offers-danube-riyadh/%d8%b9%d8%b1%d9%88%d8%b6-%d8%a7%d9%84%d8%af%d8%a7%d9%86%d9%88%d8%a8-%d8%a7%d9%84%d8%b1%d9%8a%d8%a7%d8%b6-%d9%88%d8%a7%d9%84%d8%ae%d8%b1%d8%ac-%d8%a7%d9%84%d8%a3%d8%b3%d8%a8%d9%88%d8%b9%d9%8a%d8%a9-71.html,7053311189.png
https://www.alsoouq.com//uploads/2022/07/4386290078.png,6.0,عروض الدانوب الرياض والخرج الأسبوعية 13 يوليو 2022 الموافق 13 ذو الحجة 1443,https://www.alsoouq.com/saudi-arabia-offers/offers-danube-riyadh/%d8%b9%d8%b1%d9%88%d8%b6-%d8%a7%d9%84%d8%af%d8%a7%d9%86%d9%88%d8%a8-%d8%a7%d9%84%d8%b1%d9%8a%d8%a7%d8%b6-%d9%88%d8%a7%d9%84%d8%ae%d8%b1%d8%ac-%d8%a7%d9%84%d8%a3%d8%b3%d8%a8%d9%88%d8%b9%d9%8a%d8%a9-71.html,4386290078.png
https://www.alsoouq.com//uploads/2022/07/8607936052.png,6.0,عروض الدانوب الرياض والخرج الأسبوعية 13 يوليو 2022 الموافق 13 ذو الحجة 1443,https://www.alsoouq.com/saudi-arabia-offers/offers-danube-riyadh/%d8%b9%d8%b1%d9%88%d8%b6-%d8%a7%d9%84%d8%af%d8%a7%d9%86%d9%88%d8%a8-%d8%a7%d9%84%d8%b1%d9%8a%d8%a7%d8%b6-%d9%88%d8%a7%d9%84%d8%ae%d8%b1%d8%ac-%d8%a7%d9%84%d8%a3%d8%b3%d8%a8%d9%88%d8%b9%d9%8a%d8%a9-71.html,8607936052.png
https://www.alsoouq.com//uploads/2022/07/987333856.png,6.0,عروض الدانوب الرياض والخرج الأسبوعية 13 يوليو 2022 الموافق 13 ذو الحجة 1443,https://www.alsoouq.com/saudi-arabia-offers/offers-danube-riyadh/%d8%b9%d8%b1%d9%88%d8%b6-%d8%a7%d9%84%d8%af%d8%a7%d9%86%d9%88%d8%a8-%d8%a7%d9%84%d8%b1%d9%8a%d8%a7%d8%b6-%d9%88%d8%a7%d9%84%d8%ae%d8%b1%d8%ac-%d8%a7%d9%84%d8%a3%d8%b3%d8%a8%d9%88%d8%b9%d9%8a%d8%a9-71.html,987333856.png
https://www.alsoouq.com//uploads/2022/07/3577273504.png,6.0,عروض الدانوب الرياض والخرج الأسبوعية 13 يوليو 2022 الموافق 13 ذو الحجة 1443,https://www.alsoouq.com/saudi-arabia-offers/offers-danube-riyadh/%d8%b9%d8%b1%d9%88%d8%b6-%d8%a7%d9%84%d8%af%d8%a7%d9%86%d9%88%d8%a8-%d8%a7%d9%84%d8%b1%d9%8a%d8%a7%d8%b6-%d9%88%d8%a7%d9%84%d8%ae%d8%b1%d8%ac-%d8%a7%d9%84%d8%a3%d8%b3%d8%a8%d9%88%d8%b9%d9%8a%d8%a9-71.html,3577273504.png
https://www.alsoouq.com//uploads/2022/07/4276388816.png,7.0,عروض الدانوب الرياض والخرج الأسبوعية 13 يوليو 2022 الموافق 13 ذو الحجة 1443,https://www.alsoouq.com/saudi-arabia-offers/offers-danube-riyadh/%d8%b9%d8%b1%d9%88%d8%b6-%d8%a7%d9%84%d8%af%d8%a7%d9%86%d9%88%d8%a8-%d8%a7%d9%84%d8%b1%d9%8a%d8%a7%d8%b6-%d9%88%d8%a7%d9%84%d8%ae%d8%b1%d8%ac-%d8%a7%d9%84%d8%a3%d8%b3%d8%a8%d9%88%d8%b9%d9%8a%d8%a9-71.html,4276388816.png
https://www.alsoouq.com//uploads/2022/07/2621947522.png,7.0,عروض الدانوب الرياض والخرج الأسبوعية 13 يوليو 2022 الموافق 13 ذو الحجة 1443,https://www.alsoouq.com/saudi-arabia-offers/offers-danube-riyadh/%d8%b9%d8%b1%d9%88%d8%b6-%d8%a7%d9%84%d8%af%d8%a7%d9%86%d9%88%d8%a8-%d8%a7%d9%84%d8%b1%d9%8a%d8%a7%d8%b6-%d9%88%d8%a7%d9%84%d8%ae%d8%b1%d8%ac-%d8%a7%d9%84%d8%a3%d8%b3%d8%a8%d9%88%d8%b9%d9%8a%d8%a9-71.html,2621947522.png
https://www.alsoouq.com//uploads/2022/07/3905327755.png,7.0,عروض الدانوب الرياض والخرج الأسبوعية 13 يوليو 2022 الموافق 13 ذو الحجة 1443,https://www.alsoouq.com/saudi-arabia-offers/offers-danube-riyadh/%d8%b9%d8%b1%d9%88%d8%b6-%d8%a7%d9%84%d8%af%d8%a7%d9%86%d9%88%d8%a8-%d8%a7%d9%84%d8%b1%d9%8a%d8%a7%d8%b6-%d9%88%d8%a7%d9%84%d8%ae%d8%b1%d8%ac-%d8%a7%d9%84%d8%a3%d8%b3%d8%a8%d9%88%d8%b9%d9%8a%d8%a9-71.html,3905327755.png
https://www.alsoouq.com//uploads/2022/07/1459956735.png,7.0,عروض الدانوب الرياض والخرج الأسبوعية 13 يوليو 2022 الموافق 13 ذو الحجة 1443,https://www.alsoouq.com/saudi-arabia-offers/offers-danube-riyadh/%d8%b9%d8%b1%d9%88%d8%b6-%d8%a7%d9%84%d8%af%d8%a7%d9%86%d9%88%d8%a8-%d8%a7%d9%84%d8%b1%d9%8a%d8%a7%d8%b6-%d9%88%d8%a7%d9%84%d8%ae%d8%b1%d8%ac-%d8%a7%d9%84%d8%a3%d8%b3%d8%a8%d9%88%d8%b9%d9%8a%d8%a9-71.html,1459956735.png
https://www.alsoouq.com//uploads/2022/07/7695395717.png,8.0,عروض الدانوب الرياض والخرج الأسبوعية 13 يوليو 2022 الموافق 13 ذو الحجة 1443,https://www.alsoouq.com/saudi-arabia-offers/offers-danube-riyadh/%d8%b9%d8%b1%d9%88%d8%b6-%d8%a7%d9%84%d8%af%d8%a7%d9%86%d9%88%d8%a8-%d8%a7%d9%84%d8%b1%d9%8a%d8%a7%d8%b6-%d9%88%d8%a7%d9%84%d8%ae%d8%b1%d8%ac-%d8%a7%d9%84%d8%a3%d8%b3%d8%a8%d9%88%d8%b9%d9%8a%d8%a9-71.html,7695395717.png
https://www.alsoouq.com//uploads/2022/07/919908428.png,8.0,عروض الدانوب الرياض والخرج الأسبوعية 13 يوليو 2022 الموافق 13 ذو الحجة 1443,https://www.alsoouq.com/saudi-arabia-offers/offers-danube-riyadh/%d8%b9%d8%b1%d9%88%d8%b6-%d8%a7%d9%84%d8%af%d8%a7%d9%86%d9%88%d8%a8-%d8%a7%d9%84%d8%b1%d9%8a%d8%a7%d8%b6-%d9%88%d8%a7%d9%84%d8%ae%d8%b1%d8%ac-%d8%a7%d9%84%d8%a3%d8%b3%d8%a8%d9%88%d8%b9%d9%8a%d8%a9-71.html,919908428.png
https://www.alsoouq.com//uploads/2022/07/367284050.png,8.0,عروض الدانوب الرياض والخرج الأسبوعية 13 يوليو 2022 الموافق 13 ذو الحجة 1443,https://www.alsoouq.com/saudi-arabia-offers/offers-danube-riyadh/%d8%b9%d8%b1%d9%88%d8%b6-%d8%a7%d9%84%d8%af%d8%a7%d9%86%d9%88%d8%a8-%d8%a7%d9%84%d8%b1%d9%8a%d8%a7%d8%b6-%d9%88%d8%a7%d9%84%d8%ae%d8%b1%d8%ac-%d8%a7%d9%84%d8%a3%d8%b3%d8%a8%d9%88%d8%b9%d9%8a%d8%a9-71.html,367284050.png
https://www.alsoouq.com//uploads/2022/07/5651959542.png,8.0,عروض الدانوب الرياض والخرج الأسبوعية 13 يوليو 2022 الموافق 13 ذو الحجة 1443,https://www.alsoouq.com/saudi-arabia-offers/offers-danube-riyadh/%d8%b9%d8%b1%d9%88%d8%b6-%d8%a7%d9%84%d8%af%d8%a7%d9%86%d9%88%d8%a8-%d8%a7%d9%84%d8%b1%d9%8a%d8%a7%d8%b6-%d9%88%d8%a7%d9%84%d8%ae%d8%b1%d8%ac-%d8%a7%d9%84%d8%a3%d8%b3%d8%a8%d9%88%d8%b9%d9%8a%d8%a9-71.html,5651959542.png
https://www.alsoouq.com//uploads/2022/07/2606565765.png,9.0,عروض الدانوب الرياض والخرج الأسبوعية 13 يوليو 2022 الموافق 13 ذو الحجة 1443,https://www.alsoouq.com/saudi-arabia-offers/offers-danube-riyadh/%d8%b9%d8%b1%d9%88%d8%b6-%d8%a7%d9%84%d8%af%d8%a7%d9%86%d9%88%d8%a8-%d8%a7%d9%84%d8%b1%d9%8a%d8%a7%d8%b6-%d9%88%d8%a7%d9%84%d8%ae%d8%b1%d8%ac-%d8%a7%d9%84%d8%a3%d8%b3%d8%a8%d9%88%d8%b9%d9%8a%d8%a9-71.html,2606565765.png
https://www.alsoouq.com//uploads/2022/07/1323305525.png,9.0,عروض الدانوب الرياض والخرج الأسبوعية 13 يوليو 2022 الموافق 13 ذو الحجة 1443,https://www.alsoouq.com/saudi-arabia-offers/offers-danube-riyadh/%d8%b9%d8%b1%d9%88%d8%b6-%d8%a7%d9%84%d8%af%d8%a7%d9%86%d9%88%d8%a8-%d8%a7%d9%84%d8%b1%d9%8a%d8%a7%d8%b6-%d9%88%d8%a7%d9%84%d8%ae%d8%b1%d8%ac-%d8%a7%d9%84%d8%a3%d8%b3%d8%a8%d9%88%d8%b9%d9%8a%d8%a9-71.html,1323305525.png
https://www.alsoouq.com//uploads/2022/07/595067982.png,9.0,عروض الدانوب الرياض والخرج الأسبوعية 13 يوليو 2022 الموافق 13 ذو الحجة 1443,https://www.alsoouq.com/saudi-arabia-offers/offers-danube-riyadh/%d8%b9%d8%b1%d9%88%d8%b6-%d8%a7%d9%84%d8%af%d8%a7%d9%86%d9%88%d8%a8-%d8%a7%d9%84%d8%b1%d9%8a%d8%a7%d8%b6-%d9%88%d8%a7%d9%84%d8%ae%d8%b1%d8%ac-%d8%a7%d9%84%d8%a3%d8%b3%d8%a8%d9%88%d8%b9%d9%8a%d8%a9-71.html,595067982.png
