img_link,image_page_number,booklet_name,booklet_link,img_name,,offers_Box_dim,old_costs_dim,new_costs_dim,offers_name_arabic_dim,offers_name_english_dim,quantity_dim
https://www.alsoouq.com//uploads/2022/07/4569651242.jpg,1,عروض بنده اليوم 10/7/2022 الموافق 11/12/1443 أقوى عروض الـ 5&10&15 ريال حتى 3 أيام فقط,https://www.alsoouq.com/saudi-arabia-offers/panda-offers/%d8%b9%d8%b1%d9%88%d8%b6-%d8%a8%d9%86%d8%af%d9%87-%d8%a7%d9%84%d9%8a%d9%88%d9%85-10-7-2022-%d8%a7%d9%84%d9%85%d9%88%d8%a7%d9%81%d9%82-11-12-1443-%d8%a3%d9%82%d9%88%d9%89-%d8%b9%d8%b1%d9%88%d8%b6.html,4569651242.jpg,,,,,,,
https://www.alsoouq.com//uploads/2022/07/7135008347.jpg,1,عروض بنده اليوم 10/7/2022 الموافق 11/12/1443 أقوى عروض الـ 5&10&15 ريال حتى 3 أيام فقط,https://www.alsoouq.com/saudi-arabia-offers/panda-offers/%d8%b9%d8%b1%d9%88%d8%b6-%d8%a8%d9%86%d8%af%d9%87-%d8%a7%d9%84%d9%8a%d9%88%d9%85-10-7-2022-%d8%a7%d9%84%d9%85%d9%88%d8%a7%d9%81%d9%82-11-12-1443-%d8%a3%d9%82%d9%88%d9%89-%d8%b9%d8%b1%d9%88%d8%b6.html,7135008347.jpg,,,,,,,
https://www.alsoouq.com//uploads/2022/07/161008326.jpg,1,عروض بنده اليوم 10/7/2022 الموافق 11/12/1443 أقوى عروض الـ 5&10&15 ريال حتى 3 أيام فقط,https://www.alsoouq.com/saudi-arabia-offers/panda-offers/%d8%b9%d8%b1%d9%88%d8%b6-%d8%a8%d9%86%d8%af%d9%87-%d8%a7%d9%84%d9%8a%d9%88%d9%85-10-7-2022-%d8%a7%d9%84%d9%85%d9%88%d8%a7%d9%81%d9%82-11-12-1443-%d8%a3%d9%82%d9%88%d9%89-%d8%b9%d8%b1%d9%88%d8%b6.html,161008326.jpg,,,,,,,
https://www.alsoouq.com//uploads/2022/07/1562119794.jpg,1,عروض بنده اليوم 10/7/2022 الموافق 11/12/1443 أقوى عروض الـ 5&10&15 ريال حتى 3 أيام فقط,https://www.alsoouq.com/saudi-arabia-offers/panda-offers/%d8%b9%d8%b1%d9%88%d8%b6-%d8%a8%d9%86%d8%af%d9%87-%d8%a7%d9%84%d9%8a%d9%88%d9%85-10-7-2022-%d8%a7%d9%84%d9%85%d9%88%d8%a7%d9%81%d9%82-11-12-1443-%d8%a3%d9%82%d9%88%d9%89-%d8%b9%d8%b1%d9%88%d8%b6.html,1562119794.jpg,,,,,,,
https://www.alsoouq.com//uploads/2022/07/4204493263.jpg,2,عروض بنده اليوم 10/7/2022 الموافق 11/12/1443 أقوى عروض الـ 5&10&15 ريال حتى 3 أيام فقط,https://www.alsoouq.com/saudi-arabia-offers/panda-offers/%d8%b9%d8%b1%d9%88%d8%b6-%d8%a8%d9%86%d8%af%d9%87-%d8%a7%d9%84%d9%8a%d9%88%d9%85-10-7-2022-%d8%a7%d9%84%d9%85%d9%88%d8%a7%d9%81%d9%82-11-12-1443-%d8%a3%d9%82%d9%88%d9%89-%d8%b9%d8%b1%d9%88%d8%b6.html,4204493263.jpg,,,,,,,
https://www.alsoouq.com//uploads/2022/07/5884317938.jpg,2,عروض بنده اليوم 10/7/2022 الموافق 11/12/1443 أقوى عروض الـ 5&10&15 ريال حتى 3 أيام فقط,https://www.alsoouq.com/saudi-arabia-offers/panda-offers/%d8%b9%d8%b1%d9%88%d8%b6-%d8%a8%d9%86%d8%af%d9%87-%d8%a7%d9%84%d9%8a%d9%88%d9%85-10-7-2022-%d8%a7%d9%84%d9%85%d9%88%d8%a7%d9%81%d9%82-11-12-1443-%d8%a3%d9%82%d9%88%d9%89-%d8%b9%d8%b1%d9%88%d8%b6.html,5884317938.jpg,,,,,,,
https://www.alsoouq.com//uploads/2022/07/6095004811.jpg,2,عروض بنده اليوم 10/7/2022 الموافق 11/12/1443 أقوى عروض الـ 5&10&15 ريال حتى 3 أيام فقط,https://www.alsoouq.com/saudi-arabia-offers/panda-offers/%d8%b9%d8%b1%d9%88%d8%b6-%d8%a8%d9%86%d8%af%d9%87-%d8%a7%d9%84%d9%8a%d9%88%d9%85-10-7-2022-%d8%a7%d9%84%d9%85%d9%88%d8%a7%d9%81%d9%82-11-12-1443-%d8%a3%d9%82%d9%88%d9%89-%d8%b9%d8%b1%d9%88%d8%b6.html,6095004811.jpg,,,,,,,
https://www.alsoouq.com//uploads/2022/07/9523956874.jpg,2,عروض بنده اليوم 10/7/2022 الموافق 11/12/1443 أقوى عروض الـ 5&10&15 ريال حتى 3 أيام فقط,https://www.alsoouq.com/saudi-arabia-offers/panda-offers/%d8%b9%d8%b1%d9%88%d8%b6-%d8%a8%d9%86%d8%af%d9%87-%d8%a7%d9%84%d9%8a%d9%88%d9%85-10-7-2022-%d8%a7%d9%84%d9%85%d9%88%d8%a7%d9%81%d9%82-11-12-1443-%d8%a3%d9%82%d9%88%d9%89-%d8%b9%d8%b1%d9%88%d8%b6.html,9523956874.jpg,,,,,,,
https://www.alsoouq.com//uploads/2022/07/3041851612.jpg,3,عروض بنده اليوم 10/7/2022 الموافق 11/12/1443 أقوى عروض الـ 5&10&15 ريال حتى 3 أيام فقط,https://www.alsoouq.com/saudi-arabia-offers/panda-offers/%d8%b9%d8%b1%d9%88%d8%b6-%d8%a8%d9%86%d8%af%d9%87-%d8%a7%d9%84%d9%8a%d9%88%d9%85-10-7-2022-%d8%a7%d9%84%d9%85%d9%88%d8%a7%d9%81%d9%82-11-12-1443-%d8%a3%d9%82%d9%88%d9%89-%d8%b9%d8%b1%d9%88%d8%b6.html,3041851612.jpg,,,,,,,
https://www.alsoouq.com//uploads/2022/07/7552635968.jpg,3,عروض بنده اليوم 10/7/2022 الموافق 11/12/1443 أقوى عروض الـ 5&10&15 ريال حتى 3 أيام فقط,https://www.alsoouq.com/saudi-arabia-offers/panda-offers/%d8%b9%d8%b1%d9%88%d8%b6-%d8%a8%d9%86%d8%af%d9%87-%d8%a7%d9%84%d9%8a%d9%88%d9%85-10-7-2022-%d8%a7%d9%84%d9%85%d9%88%d8%a7%d9%81%d9%82-11-12-1443-%d8%a3%d9%82%d9%88%d9%89-%d8%b9%d8%b1%d9%88%d8%b6.html,7552635968.jpg,,,,,,,
https://www.alsoouq.com//uploads/2022/07/1694008707.jpg,3,عروض بنده اليوم 10/7/2022 الموافق 11/12/1443 أقوى عروض الـ 5&10&15 ريال حتى 3 أيام فقط,https://www.alsoouq.com/saudi-arabia-offers/panda-offers/%d8%b9%d8%b1%d9%88%d8%b6-%d8%a8%d9%86%d8%af%d9%87-%d8%a7%d9%84%d9%8a%d9%88%d9%85-10-7-2022-%d8%a7%d9%84%d9%85%d9%88%d8%a7%d9%81%d9%82-11-12-1443-%d8%a3%d9%82%d9%88%d9%89-%d8%b9%d8%b1%d9%88%d8%b6.html,1694008707.jpg,,,,,,,
https://www.alsoouq.com//uploads/2022/07/3874807047.jpg,3,عروض بنده اليوم 10/7/2022 الموافق 11/12/1443 أقوى عروض الـ 5&10&15 ريال حتى 3 أيام فقط,https://www.alsoouq.com/saudi-arabia-offers/panda-offers/%d8%b9%d8%b1%d9%88%d8%b6-%d8%a8%d9%86%d8%af%d9%87-%d8%a7%d9%84%d9%8a%d9%88%d9%85-10-7-2022-%d8%a7%d9%84%d9%85%d9%88%d8%a7%d9%81%d9%82-11-12-1443-%d8%a3%d9%82%d9%88%d9%89-%d8%b9%d8%b1%d9%88%d8%b6.html,3874807047.jpg,,,,,,,
https://www.alsoouq.com//uploads/2022/07/3576849497.jpg,4,عروض بنده اليوم 10/7/2022 الموافق 11/12/1443 أقوى عروض الـ 5&10&15 ريال حتى 3 أيام فقط,https://www.alsoouq.com/saudi-arabia-offers/panda-offers/%d8%b9%d8%b1%d9%88%d8%b6-%d8%a8%d9%86%d8%af%d9%87-%d8%a7%d9%84%d9%8a%d9%88%d9%85-10-7-2022-%d8%a7%d9%84%d9%85%d9%88%d8%a7%d9%81%d9%82-11-12-1443-%d8%a3%d9%82%d9%88%d9%89-%d8%b9%d8%b1%d9%88%d8%b6.html,3576849497.jpg,,,,,,,
https://www.alsoouq.com//uploads/2022/07/8253736745.jpg,4,عروض بنده اليوم 10/7/2022 الموافق 11/12/1443 أقوى عروض الـ 5&10&15 ريال حتى 3 أيام فقط,https://www.alsoouq.com/saudi-arabia-offers/panda-offers/%d8%b9%d8%b1%d9%88%d8%b6-%d8%a8%d9%86%d8%af%d9%87-%d8%a7%d9%84%d9%8a%d9%88%d9%85-10-7-2022-%d8%a7%d9%84%d9%85%d9%88%d8%a7%d9%81%d9%82-11-12-1443-%d8%a3%d9%82%d9%88%d9%89-%d8%b9%d8%b1%d9%88%d8%b6.html,8253736745.jpg,,,,,,,
https://www.alsoouq.com//uploads/2022/07/27635955.jpg,4,عروض بنده اليوم 10/7/2022 الموافق 11/12/1443 أقوى عروض الـ 5&10&15 ريال حتى 3 أيام فقط,https://www.alsoouq.com/saudi-arabia-offers/panda-offers/%d8%b9%d8%b1%d9%88%d8%b6-%d8%a8%d9%86%d8%af%d9%87-%d8%a7%d9%84%d9%8a%d9%88%d9%85-10-7-2022-%d8%a7%d9%84%d9%85%d9%88%d8%a7%d9%81%d9%82-11-12-1443-%d8%a3%d9%82%d9%88%d9%89-%d8%b9%d8%b1%d9%88%d8%b6.html,27635955.jpg,,,,,,,
https://www.alsoouq.com//uploads/2022/07/7793756160.jpg,4,عروض بنده اليوم 10/7/2022 الموافق 11/12/1443 أقوى عروض الـ 5&10&15 ريال حتى 3 أيام فقط,https://www.alsoouq.com/saudi-arabia-offers/panda-offers/%d8%b9%d8%b1%d9%88%d8%b6-%d8%a8%d9%86%d8%af%d9%87-%d8%a7%d9%84%d9%8a%d9%88%d9%85-10-7-2022-%d8%a7%d9%84%d9%85%d9%88%d8%a7%d9%81%d9%82-11-12-1443-%d8%a3%d9%82%d9%88%d9%89-%d8%b9%d8%b1%d9%88%d8%b6.html,7793756160.jpg,,,,,,,
https://www.alsoouq.com//uploads/2022/07/2542722622.jpg,5,عروض بنده اليوم 10/7/2022 الموافق 11/12/1443 أقوى عروض الـ 5&10&15 ريال حتى 3 أيام فقط,https://www.alsoouq.com/saudi-arabia-offers/panda-offers/%d8%b9%d8%b1%d9%88%d8%b6-%d8%a8%d9%86%d8%af%d9%87-%d8%a7%d9%84%d9%8a%d9%88%d9%85-10-7-2022-%d8%a7%d9%84%d9%85%d9%88%d8%a7%d9%81%d9%82-11-12-1443-%d8%a3%d9%82%d9%88%d9%89-%d8%b9%d8%b1%d9%88%d8%b6.html,2542722622.jpg,,,,,,,
https://www.alsoouq.com//uploads/2022/07/8315306097.jpg,5,عروض بنده اليوم 10/7/2022 الموافق 11/12/1443 أقوى عروض الـ 5&10&15 ريال حتى 3 أيام فقط,https://www.alsoouq.com/saudi-arabia-offers/panda-offers/%d8%b9%d8%b1%d9%88%d8%b6-%d8%a8%d9%86%d8%af%d9%87-%d8%a7%d9%84%d9%8a%d9%88%d9%85-10-7-2022-%d8%a7%d9%84%d9%85%d9%88%d8%a7%d9%81%d9%82-11-12-1443-%d8%a3%d9%82%d9%88%d9%89-%d8%b9%d8%b1%d9%88%d8%b6.html,8315306097.jpg,,,,,,,
https://www.alsoouq.com//uploads/2022/07/388478409.jpg,5,عروض بنده اليوم 10/7/2022 الموافق 11/12/1443 أقوى عروض الـ 5&10&15 ريال حتى 3 أيام فقط,https://www.alsoouq.com/saudi-arabia-offers/panda-offers/%d8%b9%d8%b1%d9%88%d8%b6-%d8%a8%d9%86%d8%af%d9%87-%d8%a7%d9%84%d9%8a%d9%88%d9%85-10-7-2022-%d8%a7%d9%84%d9%85%d9%88%d8%a7%d9%81%d9%82-11-12-1443-%d8%a3%d9%82%d9%88%d9%89-%d8%b9%d8%b1%d9%88%d8%b6.html,388478409.jpg,,,,,,,
https://www.alsoouq.com//uploads/2022/07/8424786636.jpg,5,عروض بنده اليوم 10/7/2022 الموافق 11/12/1443 أقوى عروض الـ 5&10&15 ريال حتى 3 أيام فقط,https://www.alsoouq.com/saudi-arabia-offers/panda-offers/%d8%b9%d8%b1%d9%88%d8%b6-%d8%a8%d9%86%d8%af%d9%87-%d8%a7%d9%84%d9%8a%d9%88%d9%85-10-7-2022-%d8%a7%d9%84%d9%85%d9%88%d8%a7%d9%81%d9%82-11-12-1443-%d8%a3%d9%82%d9%88%d9%89-%d8%b9%d8%b1%d9%88%d8%b6.html,8424786636.jpg,,,,,,,
https://www.alsoouq.com//uploads/2022/07/5409454743.jpg,5,عروض بنده اليوم 10/7/2022 الموافق 11/12/1443 أقوى عروض الـ 5&10&15 ريال حتى 3 أيام فقط,https://www.alsoouq.com/saudi-arabia-offers/panda-offers/%d8%b9%d8%b1%d9%88%d8%b6-%d8%a8%d9%86%d8%af%d9%87-%d8%a7%d9%84%d9%8a%d9%88%d9%85-10-7-2022-%d8%a7%d9%84%d9%85%d9%88%d8%a7%d9%81%d9%82-11-12-1443-%d8%a3%d9%82%d9%88%d9%89-%d8%b9%d8%b1%d9%88%d8%b6.html,5409454743.jpg,,,,,,,
https://www.alsoouq.com//uploads/2022/07/9750619947.jpg,5,عروض بنده اليوم 10/7/2022 الموافق 11/12/1443 أقوى عروض الـ 5&10&15 ريال حتى 3 أيام فقط,https://www.alsoouq.com/saudi-arabia-offers/panda-offers/%d8%b9%d8%b1%d9%88%d8%b6-%d8%a8%d9%86%d8%af%d9%87-%d8%a7%d9%84%d9%8a%d9%88%d9%85-10-7-2022-%d8%a7%d9%84%d9%85%d9%88%d8%a7%d9%81%d9%82-11-12-1443-%d8%a3%d9%82%d9%88%d9%89-%d8%b9%d8%b1%d9%88%d8%b6.html,9750619947.jpg,,,,,,,
https://www.alsoouq.com//uploads/2022/07/3049895600.jpg,6,عروض بنده اليوم 10/7/2022 الموافق 11/12/1443 أقوى عروض الـ 5&10&15 ريال حتى 3 أيام فقط,https://www.alsoouq.com/saudi-arabia-offers/panda-offers/%d8%b9%d8%b1%d9%88%d8%b6-%d8%a8%d9%86%d8%af%d9%87-%d8%a7%d9%84%d9%8a%d9%88%d9%85-10-7-2022-%d8%a7%d9%84%d9%85%d9%88%d8%a7%d9%81%d9%82-11-12-1443-%d8%a3%d9%82%d9%88%d9%89-%d8%b9%d8%b1%d9%88%d8%b6.html,3049895600.jpg,,,,,,,
https://www.alsoouq.com//uploads/2022/07/9023812401.jpg,6,عروض بنده اليوم 10/7/2022 الموافق 11/12/1443 أقوى عروض الـ 5&10&15 ريال حتى 3 أيام فقط,https://www.alsoouq.com/saudi-arabia-offers/panda-offers/%d8%b9%d8%b1%d9%88%d8%b6-%d8%a8%d9%86%d8%af%d9%87-%d8%a7%d9%84%d9%8a%d9%88%d9%85-10-7-2022-%d8%a7%d9%84%d9%85%d9%88%d8%a7%d9%81%d9%82-11-12-1443-%d8%a3%d9%82%d9%88%d9%89-%d8%b9%d8%b1%d9%88%d8%b6.html,9023812401.jpg,,,,,,,
https://www.alsoouq.com//uploads/2022/07/7508147330.jpg,6,عروض بنده اليوم 10/7/2022 الموافق 11/12/1443 أقوى عروض الـ 5&10&15 ريال حتى 3 أيام فقط,https://www.alsoouq.com/saudi-arabia-offers/panda-offers/%d8%b9%d8%b1%d9%88%d8%b6-%d8%a8%d9%86%d8%af%d9%87-%d8%a7%d9%84%d9%8a%d9%88%d9%85-10-7-2022-%d8%a7%d9%84%d9%85%d9%88%d8%a7%d9%81%d9%82-11-12-1443-%d8%a3%d9%82%d9%88%d9%89-%d8%b9%d8%b1%d9%88%d8%b6.html,7508147330.jpg,,,,,,,
https://www.alsoouq.com//uploads/2022/07/6432979828.jpg,6,عروض بنده اليوم 10/7/2022 الموافق 11/12/1443 أقوى عروض الـ 5&10&15 ريال حتى 3 أيام فقط,https://www.alsoouq.com/saudi-arabia-offers/panda-offers/%d8%b9%d8%b1%d9%88%d8%b6-%d8%a8%d9%86%d8%af%d9%87-%d8%a7%d9%84%d9%8a%d9%88%d9%85-10-7-2022-%d8%a7%d9%84%d9%85%d9%88%d8%a7%d9%81%d9%82-11-12-1443-%d8%a3%d9%82%d9%88%d9%89-%d8%b9%d8%b1%d9%88%d8%b6.html,6432979828.jpg,,,,,,,
https://www.alsoouq.com//uploads/2022/07/8528708312.jpg,7,عروض بنده اليوم 10/7/2022 الموافق 11/12/1443 أقوى عروض الـ 5&10&15 ريال حتى 3 أيام فقط,https://www.alsoouq.com/saudi-arabia-offers/panda-offers/%d8%b9%d8%b1%d9%88%d8%b6-%d8%a8%d9%86%d8%af%d9%87-%d8%a7%d9%84%d9%8a%d9%88%d9%85-10-7-2022-%d8%a7%d9%84%d9%85%d9%88%d8%a7%d9%81%d9%82-11-12-1443-%d8%a3%d9%82%d9%88%d9%89-%d8%b9%d8%b1%d9%88%d8%b6.html,8528708312.jpg,,,,,,,
https://www.alsoouq.com//uploads/2022/07/7048641031.jpg,7,عروض بنده اليوم 10/7/2022 الموافق 11/12/1443 أقوى عروض الـ 5&10&15 ريال حتى 3 أيام فقط,https://www.alsoouq.com/saudi-arabia-offers/panda-offers/%d8%b9%d8%b1%d9%88%d8%b6-%d8%a8%d9%86%d8%af%d9%87-%d8%a7%d9%84%d9%8a%d9%88%d9%85-10-7-2022-%d8%a7%d9%84%d9%85%d9%88%d8%a7%d9%81%d9%82-11-12-1443-%d8%a3%d9%82%d9%88%d9%89-%d8%b9%d8%b1%d9%88%d8%b6.html,7048641031.jpg,,,,,,,
https://www.alsoouq.com//uploads/2022/07/4274021538.jpg,7,عروض بنده اليوم 10/7/2022 الموافق 11/12/1443 أقوى عروض الـ 5&10&15 ريال حتى 3 أيام فقط,https://www.alsoouq.com/saudi-arabia-offers/panda-offers/%d8%b9%d8%b1%d9%88%d8%b6-%d8%a8%d9%86%d8%af%d9%87-%d8%a7%d9%84%d9%8a%d9%88%d9%85-10-7-2022-%d8%a7%d9%84%d9%85%d9%88%d8%a7%d9%81%d9%82-11-12-1443-%d8%a3%d9%82%d9%88%d9%89-%d8%b9%d8%b1%d9%88%d8%b6.html,4274021538.jpg,,,,,,,
https://www.alsoouq.com//uploads/2022/07/7199640370.jpg,7,عروض بنده اليوم 10/7/2022 الموافق 11/12/1443 أقوى عروض الـ 5&10&15 ريال حتى 3 أيام فقط,https://www.alsoouq.com/saudi-arabia-offers/panda-offers/%d8%b9%d8%b1%d9%88%d8%b6-%d8%a8%d9%86%d8%af%d9%87-%d8%a7%d9%84%d9%8a%d9%88%d9%85-10-7-2022-%d8%a7%d9%84%d9%85%d9%88%d8%a7%d9%81%d9%82-11-12-1443-%d8%a3%d9%82%d9%88%d9%89-%d8%b9%d8%b1%d9%88%d8%b6.html,7199640370.jpg,,,,,,,
https://www.alsoouq.com//uploads/2022/07/7491573441.jpg,8,عروض بنده اليوم 10/7/2022 الموافق 11/12/1443 أقوى عروض الـ 5&10&15 ريال حتى 3 أيام فقط,https://www.alsoouq.com/saudi-arabia-offers/panda-offers/%d8%b9%d8%b1%d9%88%d8%b6-%d8%a8%d9%86%d8%af%d9%87-%d8%a7%d9%84%d9%8a%d9%88%d9%85-10-7-2022-%d8%a7%d9%84%d9%85%d9%88%d8%a7%d9%81%d9%82-11-12-1443-%d8%a3%d9%82%d9%88%d9%89-%d8%b9%d8%b1%d9%88%d8%b6.html,7491573441.jpg,,,,,,,
https://www.alsoouq.com//uploads/2022/07/1070396819.jpg,8,عروض بنده اليوم 10/7/2022 الموافق 11/12/1443 أقوى عروض الـ 5&10&15 ريال حتى 3 أيام فقط,https://www.alsoouq.com/saudi-arabia-offers/panda-offers/%d8%b9%d8%b1%d9%88%d8%b6-%d8%a8%d9%86%d8%af%d9%87-%d8%a7%d9%84%d9%8a%d9%88%d9%85-10-7-2022-%d8%a7%d9%84%d9%85%d9%88%d8%a7%d9%81%d9%82-11-12-1443-%d8%a3%d9%82%d9%88%d9%89-%d8%b9%d8%b1%d9%88%d8%b6.html,1070396819.jpg,,,,,,,
https://www.alsoouq.com//uploads/2022/07/5547638443.jpg,8,عروض بنده اليوم 10/7/2022 الموافق 11/12/1443 أقوى عروض الـ 5&10&15 ريال حتى 3 أيام فقط,https://www.alsoouq.com/saudi-arabia-offers/panda-offers/%d8%b9%d8%b1%d9%88%d8%b6-%d8%a8%d9%86%d8%af%d9%87-%d8%a7%d9%84%d9%8a%d9%88%d9%85-10-7-2022-%d8%a7%d9%84%d9%85%d9%88%d8%a7%d9%81%d9%82-11-12-1443-%d8%a3%d9%82%d9%88%d9%89-%d8%b9%d8%b1%d9%88%d8%b6.html,5547638443.jpg,,,,,,,
https://www.alsoouq.com//uploads/2022/07/5695818063.jpg,8,عروض بنده اليوم 10/7/2022 الموافق 11/12/1443 أقوى عروض الـ 5&10&15 ريال حتى 3 أيام فقط,https://www.alsoouq.com/saudi-arabia-offers/panda-offers/%d8%b9%d8%b1%d9%88%d8%b6-%d8%a8%d9%86%d8%af%d9%87-%d8%a7%d9%84%d9%8a%d9%88%d9%85-10-7-2022-%d8%a7%d9%84%d9%85%d9%88%d8%a7%d9%81%d9%82-11-12-1443-%d8%a3%d9%82%d9%88%d9%89-%d8%b9%d8%b1%d9%88%d8%b6.html,5695818063.jpg,,,,,,,
https://www.alsoouq.com//uploads/2022/07/7163356019.jpg,9,عروض بنده اليوم 10/7/2022 الموافق 11/12/1443 أقوى عروض الـ 5&10&15 ريال حتى 3 أيام فقط,https://www.alsoouq.com/saudi-arabia-offers/panda-offers/%d8%b9%d8%b1%d9%88%d8%b6-%d8%a8%d9%86%d8%af%d9%87-%d8%a7%d9%84%d9%8a%d9%88%d9%85-10-7-2022-%d8%a7%d9%84%d9%85%d9%88%d8%a7%d9%81%d9%82-11-12-1443-%d8%a3%d9%82%d9%88%d9%89-%d8%b9%d8%b1%d9%88%d8%b6.html,7163356019.jpg,,,,,,,
https://www.alsoouq.com//uploads/2022/07/9081690055.jpg,9,عروض بنده اليوم 10/7/2022 الموافق 11/12/1443 أقوى عروض الـ 5&10&15 ريال حتى 3 أيام فقط,https://www.alsoouq.com/saudi-arabia-offers/panda-offers/%d8%b9%d8%b1%d9%88%d8%b6-%d8%a8%d9%86%d8%af%d9%87-%d8%a7%d9%84%d9%8a%d9%88%d9%85-10-7-2022-%d8%a7%d9%84%d9%85%d9%88%d8%a7%d9%81%d9%82-11-12-1443-%d8%a3%d9%82%d9%88%d9%89-%d8%b9%d8%b1%d9%88%d8%b6.html,9081690055.jpg,,,,,,,
https://www.alsoouq.com//uploads/2022/07/9038181499.jpg,9,عروض بنده اليوم 10/7/2022 الموافق 11/12/1443 أقوى عروض الـ 5&10&15 ريال حتى 3 أيام فقط,https://www.alsoouq.com/saudi-arabia-offers/panda-offers/%d8%b9%d8%b1%d9%88%d8%b6-%d8%a8%d9%86%d8%af%d9%87-%d8%a7%d9%84%d9%8a%d9%88%d9%85-10-7-2022-%d8%a7%d9%84%d9%85%d9%88%d8%a7%d9%81%d9%82-11-12-1443-%d8%a3%d9%82%d9%88%d9%89-%d8%b9%d8%b1%d9%88%d8%b6.html,9038181499.jpg,,,,,,,
https://www.alsoouq.com//uploads/2022/07/7240925655.jpg,9,عروض بنده اليوم 10/7/2022 الموافق 11/12/1443 أقوى عروض الـ 5&10&15 ريال حتى 3 أيام فقط,https://www.alsoouq.com/saudi-arabia-offers/panda-offers/%d8%b9%d8%b1%d9%88%d8%b6-%d8%a8%d9%86%d8%af%d9%87-%d8%a7%d9%84%d9%8a%d9%88%d9%85-10-7-2022-%d8%a7%d9%84%d9%85%d9%88%d8%a7%d9%81%d9%82-11-12-1443-%d8%a3%d9%82%d9%88%d9%89-%d8%b9%d8%b1%d9%88%d8%b6.html,7240925655.jpg,,,,,,,
https://www.alsoouq.com//uploads/2022/07/1918043682.jpg,9,عروض بنده اليوم 10/7/2022 الموافق 11/12/1443 أقوى عروض الـ 5&10&15 ريال حتى 3 أيام فقط,https://www.alsoouq.com/saudi-arabia-offers/panda-offers/%d8%b9%d8%b1%d9%88%d8%b6-%d8%a8%d9%86%d8%af%d9%87-%d8%a7%d9%84%d9%8a%d9%88%d9%85-10-7-2022-%d8%a7%d9%84%d9%85%d9%88%d8%a7%d9%81%d9%82-11-12-1443-%d8%a3%d9%82%d9%88%d9%89-%d8%b9%d8%b1%d9%88%d8%b6.html,1918043682.jpg,,,,,,,
https://www.alsoouq.com//uploads/2022/07/4318568318.jpg,9,عروض بنده اليوم 10/7/2022 الموافق 11/12/1443 أقوى عروض الـ 5&10&15 ريال حتى 3 أيام فقط,https://www.alsoouq.com/saudi-arabia-offers/panda-offers/%d8%b9%d8%b1%d9%88%d8%b6-%d8%a8%d9%86%d8%af%d9%87-%d8%a7%d9%84%d9%8a%d9%88%d9%85-10-7-2022-%d8%a7%d9%84%d9%85%d9%88%d8%a7%d9%81%d9%82-11-12-1443-%d8%a3%d9%82%d9%88%d9%89-%d8%b9%d8%b1%d9%88%d8%b6.html,4318568318.jpg,,,,,,,
https://www.alsoouq.com//uploads/2022/07/5883190867.jpg,9,عروض بنده اليوم 10/7/2022 الموافق 11/12/1443 أقوى عروض الـ 5&10&15 ريال حتى 3 أيام فقط,https://www.alsoouq.com/saudi-arabia-offers/panda-offers/%d8%b9%d8%b1%d9%88%d8%b6-%d8%a8%d9%86%d8%af%d9%87-%d8%a7%d9%84%d9%8a%d9%88%d9%85-10-7-2022-%d8%a7%d9%84%d9%85%d9%88%d8%a7%d9%81%d9%82-11-12-1443-%d8%a3%d9%82%d9%88%d9%89-%d8%b9%d8%b1%d9%88%d8%b6.html,5883190867.jpg,,,,,,,
https://www.alsoouq.com//uploads/2022/07/4903859263.jpg,9,عروض بنده اليوم 10/7/2022 الموافق 11/12/1443 أقوى عروض الـ 5&10&15 ريال حتى 3 أيام فقط,https://www.alsoouq.com/saudi-arabia-offers/panda-offers/%d8%b9%d8%b1%d9%88%d8%b6-%d8%a8%d9%86%d8%af%d9%87-%d8%a7%d9%84%d9%8a%d9%88%d9%85-10-7-2022-%d8%a7%d9%84%d9%85%d9%88%d8%a7%d9%81%d9%82-11-12-1443-%d8%a3%d9%82%d9%88%d9%89-%d8%b9%d8%b1%d9%88%d8%b6.html,4903859263.jpg,,,,,,,
https://www.alsoouq.com//uploads/2022/07/4826907297.jpg,10,عروض بنده اليوم 10/7/2022 الموافق 11/12/1443 أقوى عروض الـ 5&10&15 ريال حتى 3 أيام فقط,https://www.alsoouq.com/saudi-arabia-offers/panda-offers/%d8%b9%d8%b1%d9%88%d8%b6-%d8%a8%d9%86%d8%af%d9%87-%d8%a7%d9%84%d9%8a%d9%88%d9%85-10-7-2022-%d8%a7%d9%84%d9%85%d9%88%d8%a7%d9%81%d9%82-11-12-1443-%d8%a3%d9%82%d9%88%d9%89-%d8%b9%d8%b1%d9%88%d8%b6.html,4826907297.jpg,,,,,,,
https://www.alsoouq.com//uploads/2022/07/5796485361.jpg,10,عروض بنده اليوم 10/7/2022 الموافق 11/12/1443 أقوى عروض الـ 5&10&15 ريال حتى 3 أيام فقط,https://www.alsoouq.com/saudi-arabia-offers/panda-offers/%d8%b9%d8%b1%d9%88%d8%b6-%d8%a8%d9%86%d8%af%d9%87-%d8%a7%d9%84%d9%8a%d9%88%d9%85-10-7-2022-%d8%a7%d9%84%d9%85%d9%88%d8%a7%d9%81%d9%82-11-12-1443-%d8%a3%d9%82%d9%88%d9%89-%d8%b9%d8%b1%d9%88%d8%b6.html,5796485361.jpg,,,,,,,
https://www.alsoouq.com//uploads/2022/07/2864673261.jpg,10,عروض بنده اليوم 10/7/2022 الموافق 11/12/1443 أقوى عروض الـ 5&10&15 ريال حتى 3 أيام فقط,https://www.alsoouq.com/saudi-arabia-offers/panda-offers/%d8%b9%d8%b1%d9%88%d8%b6-%d8%a8%d9%86%d8%af%d9%87-%d8%a7%d9%84%d9%8a%d9%88%d9%85-10-7-2022-%d8%a7%d9%84%d9%85%d9%88%d8%a7%d9%81%d9%82-11-12-1443-%d8%a3%d9%82%d9%88%d9%89-%d8%b9%d8%b1%d9%88%d8%b6.html,2864673261.jpg,,,,,,,
https://www.alsoouq.com//uploads/2022/07/4312627917.jpg,10,عروض بنده اليوم 10/7/2022 الموافق 11/12/1443 أقوى عروض الـ 5&10&15 ريال حتى 3 أيام فقط,https://www.alsoouq.com/saudi-arabia-offers/panda-offers/%d8%b9%d8%b1%d9%88%d8%b6-%d8%a8%d9%86%d8%af%d9%87-%d8%a7%d9%84%d9%8a%d9%88%d9%85-10-7-2022-%d8%a7%d9%84%d9%85%d9%88%d8%a7%d9%81%d9%82-11-12-1443-%d8%a3%d9%82%d9%88%d9%89-%d8%b9%d8%b1%d9%88%d8%b6.html,4312627917.jpg,,,,,,,
https://www.alsoouq.com//uploads/2022/07/9252356729.jpg,11,عروض بنده اليوم 10/7/2022 الموافق 11/12/1443 أقوى عروض الـ 5&10&15 ريال حتى 3 أيام فقط,https://www.alsoouq.com/saudi-arabia-offers/panda-offers/%d8%b9%d8%b1%d9%88%d8%b6-%d8%a8%d9%86%d8%af%d9%87-%d8%a7%d9%84%d9%8a%d9%88%d9%85-10-7-2022-%d8%a7%d9%84%d9%85%d9%88%d8%a7%d9%81%d9%82-11-12-1443-%d8%a3%d9%82%d9%88%d9%89-%d8%b9%d8%b1%d9%88%d8%b6.html,9252356729.jpg,,,,,,,
https://www.alsoouq.com//uploads/2022/07/332554503.jpg,11,عروض بنده اليوم 10/7/2022 الموافق 11/12/1443 أقوى عروض الـ 5&10&15 ريال حتى 3 أيام فقط,https://www.alsoouq.com/saudi-arabia-offers/panda-offers/%d8%b9%d8%b1%d9%88%d8%b6-%d8%a8%d9%86%d8%af%d9%87-%d8%a7%d9%84%d9%8a%d9%88%d9%85-10-7-2022-%d8%a7%d9%84%d9%85%d9%88%d8%a7%d9%81%d9%82-11-12-1443-%d8%a3%d9%82%d9%88%d9%89-%d8%b9%d8%b1%d9%88%d8%b6.html,332554503.jpg,,,,,,,
https://www.alsoouq.com//uploads/2022/07/5534789440.jpg,11,عروض بنده اليوم 10/7/2022 الموافق 11/12/1443 أقوى عروض الـ 5&10&15 ريال حتى 3 أيام فقط,https://www.alsoouq.com/saudi-arabia-offers/panda-offers/%d8%b9%d8%b1%d9%88%d8%b6-%d8%a8%d9%86%d8%af%d9%87-%d8%a7%d9%84%d9%8a%d9%88%d9%85-10-7-2022-%d8%a7%d9%84%d9%85%d9%88%d8%a7%d9%81%d9%82-11-12-1443-%d8%a3%d9%82%d9%88%d9%89-%d8%b9%d8%b1%d9%88%d8%b6.html,5534789440.jpg,,,,,,,
https://www.alsoouq.com//uploads/2022/07/9546751086.jpg,11,عروض بنده اليوم 10/7/2022 الموافق 11/12/1443 أقوى عروض الـ 5&10&15 ريال حتى 3 أيام فقط,https://www.alsoouq.com/saudi-arabia-offers/panda-offers/%d8%b9%d8%b1%d9%88%d8%b6-%d8%a8%d9%86%d8%af%d9%87-%d8%a7%d9%84%d9%8a%d9%88%d9%85-10-7-2022-%d8%a7%d9%84%d9%85%d9%88%d8%a7%d9%81%d9%82-11-12-1443-%d8%a3%d9%82%d9%88%d9%89-%d8%b9%d8%b1%d9%88%d8%b6.html,9546751086.jpg,,,,,,,
https://www.alsoouq.com//uploads/2022/07/4222607792.jpg,12,عروض بنده اليوم 10/7/2022 الموافق 11/12/1443 أقوى عروض الـ 5&10&15 ريال حتى 3 أيام فقط,https://www.alsoouq.com/saudi-arabia-offers/panda-offers/%d8%b9%d8%b1%d9%88%d8%b6-%d8%a8%d9%86%d8%af%d9%87-%d8%a7%d9%84%d9%8a%d9%88%d9%85-10-7-2022-%d8%a7%d9%84%d9%85%d9%88%d8%a7%d9%81%d9%82-11-12-1443-%d8%a3%d9%82%d9%88%d9%89-%d8%b9%d8%b1%d9%88%d8%b6.html,4222607792.jpg,,,,,,,
https://www.alsoouq.com//uploads/2022/07/8959405060.jpg,12,عروض بنده اليوم 10/7/2022 الموافق 11/12/1443 أقوى عروض الـ 5&10&15 ريال حتى 3 أيام فقط,https://www.alsoouq.com/saudi-arabia-offers/panda-offers/%d8%b9%d8%b1%d9%88%d8%b6-%d8%a8%d9%86%d8%af%d9%87-%d8%a7%d9%84%d9%8a%d9%88%d9%85-10-7-2022-%d8%a7%d9%84%d9%85%d9%88%d8%a7%d9%81%d9%82-11-12-1443-%d8%a3%d9%82%d9%88%d9%89-%d8%b9%d8%b1%d9%88%d8%b6.html,8959405060.jpg,,,,,,,
https://www.alsoouq.com//uploads/2022/07/7233869453.jpg,12,عروض بنده اليوم 10/7/2022 الموافق 11/12/1443 أقوى عروض الـ 5&10&15 ريال حتى 3 أيام فقط,https://www.alsoouq.com/saudi-arabia-offers/panda-offers/%d8%b9%d8%b1%d9%88%d8%b6-%d8%a8%d9%86%d8%af%d9%87-%d8%a7%d9%84%d9%8a%d9%88%d9%85-10-7-2022-%d8%a7%d9%84%d9%85%d9%88%d8%a7%d9%81%d9%82-11-12-1443-%d8%a3%d9%82%d9%88%d9%89-%d8%b9%d8%b1%d9%88%d8%b6.html,7233869453.jpg,,,,,,,
https://www.alsoouq.com//uploads/2022/07/7818640110.jpg,12,عروض بنده اليوم 10/7/2022 الموافق 11/12/1443 أقوى عروض الـ 5&10&15 ريال حتى 3 أيام فقط,https://www.alsoouq.com/saudi-arabia-offers/panda-offers/%d8%b9%d8%b1%d9%88%d8%b6-%d8%a8%d9%86%d8%af%d9%87-%d8%a7%d9%84%d9%8a%d9%88%d9%85-10-7-2022-%d8%a7%d9%84%d9%85%d9%88%d8%a7%d9%81%d9%82-11-12-1443-%d8%a3%d9%82%d9%88%d9%89-%d8%b9%d8%b1%d9%88%d8%b6.html,7818640110.jpg,,,,,,,
https://www.alsoouq.com//uploads/2022/07/6275953509.jpg,13,عروض بنده اليوم 10/7/2022 الموافق 11/12/1443 أقوى عروض الـ 5&10&15 ريال حتى 3 أيام فقط,https://www.alsoouq.com/saudi-arabia-offers/panda-offers/%d8%b9%d8%b1%d9%88%d8%b6-%d8%a8%d9%86%d8%af%d9%87-%d8%a7%d9%84%d9%8a%d9%88%d9%85-10-7-2022-%d8%a7%d9%84%d9%85%d9%88%d8%a7%d9%81%d9%82-11-12-1443-%d8%a3%d9%82%d9%88%d9%89-%d8%b9%d8%b1%d9%88%d8%b6.html,6275953509.jpg,,,,,,,
https://www.alsoouq.com//uploads/2022/07/5181648079.jpg,13,عروض بنده اليوم 10/7/2022 الموافق 11/12/1443 أقوى عروض الـ 5&10&15 ريال حتى 3 أيام فقط,https://www.alsoouq.com/saudi-arabia-offers/panda-offers/%d8%b9%d8%b1%d9%88%d8%b6-%d8%a8%d9%86%d8%af%d9%87-%d8%a7%d9%84%d9%8a%d9%88%d9%85-10-7-2022-%d8%a7%d9%84%d9%85%d9%88%d8%a7%d9%81%d9%82-11-12-1443-%d8%a3%d9%82%d9%88%d9%89-%d8%b9%d8%b1%d9%88%d8%b6.html,5181648079.jpg,,,,,,,
https://www.alsoouq.com//uploads/2022/07/9541172331.jpg,13,عروض بنده اليوم 10/7/2022 الموافق 11/12/1443 أقوى عروض الـ 5&10&15 ريال حتى 3 أيام فقط,https://www.alsoouq.com/saudi-arabia-offers/panda-offers/%d8%b9%d8%b1%d9%88%d8%b6-%d8%a8%d9%86%d8%af%d9%87-%d8%a7%d9%84%d9%8a%d9%88%d9%85-10-7-2022-%d8%a7%d9%84%d9%85%d9%88%d8%a7%d9%81%d9%82-11-12-1443-%d8%a3%d9%82%d9%88%d9%89-%d8%b9%d8%b1%d9%88%d8%b6.html,9541172331.jpg,,,,,,,
https://www.alsoouq.com//uploads/2022/07/7624599849.jpg,13,عروض بنده اليوم 10/7/2022 الموافق 11/12/1443 أقوى عروض الـ 5&10&15 ريال حتى 3 أيام فقط,https://www.alsoouq.com/saudi-arabia-offers/panda-offers/%d8%b9%d8%b1%d9%88%d8%b6-%d8%a8%d9%86%d8%af%d9%87-%d8%a7%d9%84%d9%8a%d9%88%d9%85-10-7-2022-%d8%a7%d9%84%d9%85%d9%88%d8%a7%d9%81%d9%82-11-12-1443-%d8%a3%d9%82%d9%88%d9%89-%d8%b9%d8%b1%d9%88%d8%b6.html,7624599849.jpg,,,,,,,
https://www.alsoouq.com//uploads/2022/07/8655502729.jpg,13,عروض بنده اليوم 10/7/2022 الموافق 11/12/1443 أقوى عروض الـ 5&10&15 ريال حتى 3 أيام فقط,https://www.alsoouq.com/saudi-arabia-offers/panda-offers/%d8%b9%d8%b1%d9%88%d8%b6-%d8%a8%d9%86%d8%af%d9%87-%d8%a7%d9%84%d9%8a%d9%88%d9%85-10-7-2022-%d8%a7%d9%84%d9%85%d9%88%d8%a7%d9%81%d9%82-11-12-1443-%d8%a3%d9%82%d9%88%d9%89-%d8%b9%d8%b1%d9%88%d8%b6.html,8655502729.jpg,,,,,,,
https://www.alsoouq.com//uploads/2022/07/9742155261.jpg,13,عروض بنده اليوم 10/7/2022 الموافق 11/12/1443 أقوى عروض الـ 5&10&15 ريال حتى 3 أيام فقط,https://www.alsoouq.com/saudi-arabia-offers/panda-offers/%d8%b9%d8%b1%d9%88%d8%b6-%d8%a8%d9%86%d8%af%d9%87-%d8%a7%d9%84%d9%8a%d9%88%d9%85-10-7-2022-%d8%a7%d9%84%d9%85%d9%88%d8%a7%d9%81%d9%82-11-12-1443-%d8%a3%d9%82%d9%88%d9%89-%d8%b9%d8%b1%d9%88%d8%b6.html,9742155261.jpg,,,,,,,
https://www.alsoouq.com//uploads/2022/07/9605679669.jpg,13,عروض بنده اليوم 10/7/2022 الموافق 11/12/1443 أقوى عروض الـ 5&10&15 ريال حتى 3 أيام فقط,https://www.alsoouq.com/saudi-arabia-offers/panda-offers/%d8%b9%d8%b1%d9%88%d8%b6-%d8%a8%d9%86%d8%af%d9%87-%d8%a7%d9%84%d9%8a%d9%88%d9%85-10-7-2022-%d8%a7%d9%84%d9%85%d9%88%d8%a7%d9%81%d9%82-11-12-1443-%d8%a3%d9%82%d9%88%d9%89-%d8%b9%d8%b1%d9%88%d8%b6.html,9605679669.jpg,,,,,,,
https://www.alsoouq.com//uploads/2022/07/7361239023.jpg,13,عروض بنده اليوم 10/7/2022 الموافق 11/12/1443 أقوى عروض الـ 5&10&15 ريال حتى 3 أيام فقط,https://www.alsoouq.com/saudi-arabia-offers/panda-offers/%d8%b9%d8%b1%d9%88%d8%b6-%d8%a8%d9%86%d8%af%d9%87-%d8%a7%d9%84%d9%8a%d9%88%d9%85-10-7-2022-%d8%a7%d9%84%d9%85%d9%88%d8%a7%d9%81%d9%82-11-12-1443-%d8%a3%d9%82%d9%88%d9%89-%d8%b9%d8%b1%d9%88%d8%b6.html,7361239023.jpg,,,,,,,
https://www.alsoouq.com//uploads/2022/07/3134026516.jpg,14,عروض بنده اليوم 10/7/2022 الموافق 11/12/1443 أقوى عروض الـ 5&10&15 ريال حتى 3 أيام فقط,https://www.alsoouq.com/saudi-arabia-offers/panda-offers/%d8%b9%d8%b1%d9%88%d8%b6-%d8%a8%d9%86%d8%af%d9%87-%d8%a7%d9%84%d9%8a%d9%88%d9%85-10-7-2022-%d8%a7%d9%84%d9%85%d9%88%d8%a7%d9%81%d9%82-11-12-1443-%d8%a3%d9%82%d9%88%d9%89-%d8%b9%d8%b1%d9%88%d8%b6.html,3134026516.jpg,,,,,,,
https://www.alsoouq.com//uploads/2022/07/7594368423.jpg,14,عروض بنده اليوم 10/7/2022 الموافق 11/12/1443 أقوى عروض الـ 5&10&15 ريال حتى 3 أيام فقط,https://www.alsoouq.com/saudi-arabia-offers/panda-offers/%d8%b9%d8%b1%d9%88%d8%b6-%d8%a8%d9%86%d8%af%d9%87-%d8%a7%d9%84%d9%8a%d9%88%d9%85-10-7-2022-%d8%a7%d9%84%d9%85%d9%88%d8%a7%d9%81%d9%82-11-12-1443-%d8%a3%d9%82%d9%88%d9%89-%d8%b9%d8%b1%d9%88%d8%b6.html,7594368423.jpg,,,,,,,
https://www.alsoouq.com//uploads/2022/07/5365127778.jpg,14,عروض بنده اليوم 10/7/2022 الموافق 11/12/1443 أقوى عروض الـ 5&10&15 ريال حتى 3 أيام فقط,https://www.alsoouq.com/saudi-arabia-offers/panda-offers/%d8%b9%d8%b1%d9%88%d8%b6-%d8%a8%d9%86%d8%af%d9%87-%d8%a7%d9%84%d9%8a%d9%88%d9%85-10-7-2022-%d8%a7%d9%84%d9%85%d9%88%d8%a7%d9%81%d9%82-11-12-1443-%d8%a3%d9%82%d9%88%d9%89-%d8%b9%d8%b1%d9%88%d8%b6.html,5365127778.jpg,,,,,,,
https://www.alsoouq.com//uploads/2022/07/939421632.jpg,14,عروض بنده اليوم 10/7/2022 الموافق 11/12/1443 أقوى عروض الـ 5&10&15 ريال حتى 3 أيام فقط,https://www.alsoouq.com/saudi-arabia-offers/panda-offers/%d8%b9%d8%b1%d9%88%d8%b6-%d8%a8%d9%86%d8%af%d9%87-%d8%a7%d9%84%d9%8a%d9%88%d9%85-10-7-2022-%d8%a7%d9%84%d9%85%d9%88%d8%a7%d9%81%d9%82-11-12-1443-%d8%a3%d9%82%d9%88%d9%89-%d8%b9%d8%b1%d9%88%d8%b6.html,939421632.jpg,,,,,,,
https://www.alsoouq.com//uploads/2022/07/424624152.jpg,15,عروض بنده اليوم 10/7/2022 الموافق 11/12/1443 أقوى عروض الـ 5&10&15 ريال حتى 3 أيام فقط,https://www.alsoouq.com/saudi-arabia-offers/panda-offers/%d8%b9%d8%b1%d9%88%d8%b6-%d8%a8%d9%86%d8%af%d9%87-%d8%a7%d9%84%d9%8a%d9%88%d9%85-10-7-2022-%d8%a7%d9%84%d9%85%d9%88%d8%a7%d9%81%d9%82-11-12-1443-%d8%a3%d9%82%d9%88%d9%89-%d8%b9%d8%b1%d9%88%d8%b6.html,424624152.jpg,,,,,,,
https://www.alsoouq.com//uploads/2022/07/8171724765.jpg,15,عروض بنده اليوم 10/7/2022 الموافق 11/12/1443 أقوى عروض الـ 5&10&15 ريال حتى 3 أيام فقط,https://www.alsoouq.com/saudi-arabia-offers/panda-offers/%d8%b9%d8%b1%d9%88%d8%b6-%d8%a8%d9%86%d8%af%d9%87-%d8%a7%d9%84%d9%8a%d9%88%d9%85-10-7-2022-%d8%a7%d9%84%d9%85%d9%88%d8%a7%d9%81%d9%82-11-12-1443-%d8%a3%d9%82%d9%88%d9%89-%d8%b9%d8%b1%d9%88%d8%b6.html,8171724765.jpg,,,,,,,
https://www.alsoouq.com//uploads/2022/07/1087557617.jpg,15,عروض بنده اليوم 10/7/2022 الموافق 11/12/1443 أقوى عروض الـ 5&10&15 ريال حتى 3 أيام فقط,https://www.alsoouq.com/saudi-arabia-offers/panda-offers/%d8%b9%d8%b1%d9%88%d8%b6-%d8%a8%d9%86%d8%af%d9%87-%d8%a7%d9%84%d9%8a%d9%88%d9%85-10-7-2022-%d8%a7%d9%84%d9%85%d9%88%d8%a7%d9%81%d9%82-11-12-1443-%d8%a3%d9%82%d9%88%d9%89-%d8%b9%d8%b1%d9%88%d8%b6.html,1087557617.jpg,,,,,,,
https://www.alsoouq.com//uploads/2022/07/6783020053.jpg,15,عروض بنده اليوم 10/7/2022 الموافق 11/12/1443 أقوى عروض الـ 5&10&15 ريال حتى 3 أيام فقط,https://www.alsoouq.com/saudi-arabia-offers/panda-offers/%d8%b9%d8%b1%d9%88%d8%b6-%d8%a8%d9%86%d8%af%d9%87-%d8%a7%d9%84%d9%8a%d9%88%d9%85-10-7-2022-%d8%a7%d9%84%d9%85%d9%88%d8%a7%d9%81%d9%82-11-12-1443-%d8%a3%d9%82%d9%88%d9%89-%d8%b9%d8%b1%d9%88%d8%b6.html,6783020053.jpg,,,,,,,
https://www.alsoouq.com//uploads/2022/07/5667448417.jpg,16,عروض بنده اليوم 10/7/2022 الموافق 11/12/1443 أقوى عروض الـ 5&10&15 ريال حتى 3 أيام فقط,https://www.alsoouq.com/saudi-arabia-offers/panda-offers/%d8%b9%d8%b1%d9%88%d8%b6-%d8%a8%d9%86%d8%af%d9%87-%d8%a7%d9%84%d9%8a%d9%88%d9%85-10-7-2022-%d8%a7%d9%84%d9%85%d9%88%d8%a7%d9%81%d9%82-11-12-1443-%d8%a3%d9%82%d9%88%d9%89-%d8%b9%d8%b1%d9%88%d8%b6.html,5667448417.jpg,,,,,,,
https://www.alsoouq.com//uploads/2022/07/5138294549.jpg,16,عروض بنده اليوم 10/7/2022 الموافق 11/12/1443 أقوى عروض الـ 5&10&15 ريال حتى 3 أيام فقط,https://www.alsoouq.com/saudi-arabia-offers/panda-offers/%d8%b9%d8%b1%d9%88%d8%b6-%d8%a8%d9%86%d8%af%d9%87-%d8%a7%d9%84%d9%8a%d9%88%d9%85-10-7-2022-%d8%a7%d9%84%d9%85%d9%88%d8%a7%d9%81%d9%82-11-12-1443-%d8%a3%d9%82%d9%88%d9%89-%d8%b9%d8%b1%d9%88%d8%b6.html,5138294549.jpg,,,,,,,
https://www.alsoouq.com//uploads/2022/07/7377514853.jpg,16,عروض بنده اليوم 10/7/2022 الموافق 11/12/1443 أقوى عروض الـ 5&10&15 ريال حتى 3 أيام فقط,https://www.alsoouq.com/saudi-arabia-offers/panda-offers/%d8%b9%d8%b1%d9%88%d8%b6-%d8%a8%d9%86%d8%af%d9%87-%d8%a7%d9%84%d9%8a%d9%88%d9%85-10-7-2022-%d8%a7%d9%84%d9%85%d9%88%d8%a7%d9%81%d9%82-11-12-1443-%d8%a3%d9%82%d9%88%d9%89-%d8%b9%d8%b1%d9%88%d8%b6.html,7377514853.jpg,,,,,,,
https://www.alsoouq.com//uploads/2022/07/5287222503.jpg,16,عروض بنده اليوم 10/7/2022 الموافق 11/12/1443 أقوى عروض الـ 5&10&15 ريال حتى 3 أيام فقط,https://www.alsoouq.com/saudi-arabia-offers/panda-offers/%d8%b9%d8%b1%d9%88%d8%b6-%d8%a8%d9%86%d8%af%d9%87-%d8%a7%d9%84%d9%8a%d9%88%d9%85-10-7-2022-%d8%a7%d9%84%d9%85%d9%88%d8%a7%d9%81%d9%82-11-12-1443-%d8%a3%d9%82%d9%88%d9%89-%d8%b9%d8%b1%d9%88%d8%b6.html,5287222503.jpg,,,,,,,
https://www.alsoouq.com//uploads/2022/07/3297772385.jpg,17,عروض بنده اليوم 10/7/2022 الموافق 11/12/1443 أقوى عروض الـ 5&10&15 ريال حتى 3 أيام فقط,https://www.alsoouq.com/saudi-arabia-offers/panda-offers/%d8%b9%d8%b1%d9%88%d8%b6-%d8%a8%d9%86%d8%af%d9%87-%d8%a7%d9%84%d9%8a%d9%88%d9%85-10-7-2022-%d8%a7%d9%84%d9%85%d9%88%d8%a7%d9%81%d9%82-11-12-1443-%d8%a3%d9%82%d9%88%d9%89-%d8%b9%d8%b1%d9%88%d8%b6.html,3297772385.jpg,,,,,,,
https://www.alsoouq.com//uploads/2022/07/808727762.jpg,17,عروض بنده اليوم 10/7/2022 الموافق 11/12/1443 أقوى عروض الـ 5&10&15 ريال حتى 3 أيام فقط,https://www.alsoouq.com/saudi-arabia-offers/panda-offers/%d8%b9%d8%b1%d9%88%d8%b6-%d8%a8%d9%86%d8%af%d9%87-%d8%a7%d9%84%d9%8a%d9%88%d9%85-10-7-2022-%d8%a7%d9%84%d9%85%d9%88%d8%a7%d9%81%d9%82-11-12-1443-%d8%a3%d9%82%d9%88%d9%89-%d8%b9%d8%b1%d9%88%d8%b6.html,808727762.jpg,,,,,,,
https://www.alsoouq.com//uploads/2022/07/890243781.jpg,17,عروض بنده اليوم 10/7/2022 الموافق 11/12/1443 أقوى عروض الـ 5&10&15 ريال حتى 3 أيام فقط,https://www.alsoouq.com/saudi-arabia-offers/panda-offers/%d8%b9%d8%b1%d9%88%d8%b6-%d8%a8%d9%86%d8%af%d9%87-%d8%a7%d9%84%d9%8a%d9%88%d9%85-10-7-2022-%d8%a7%d9%84%d9%85%d9%88%d8%a7%d9%81%d9%82-11-12-1443-%d8%a3%d9%82%d9%88%d9%89-%d8%b9%d8%b1%d9%88%d8%b6.html,890243781.jpg,,,,,,,
https://www.alsoouq.com//uploads/2022/07/4695768376.jpg,17,عروض بنده اليوم 10/7/2022 الموافق 11/12/1443 أقوى عروض الـ 5&10&15 ريال حتى 3 أيام فقط,https://www.alsoouq.com/saudi-arabia-offers/panda-offers/%d8%b9%d8%b1%d9%88%d8%b6-%d8%a8%d9%86%d8%af%d9%87-%d8%a7%d9%84%d9%8a%d9%88%d9%85-10-7-2022-%d8%a7%d9%84%d9%85%d9%88%d8%a7%d9%81%d9%82-11-12-1443-%d8%a3%d9%82%d9%88%d9%89-%d8%b9%d8%b1%d9%88%d8%b6.html,4695768376.jpg,,,,,,,
https://www.alsoouq.com//uploads/2022/07/962544231.jpg,17,عروض بنده اليوم 10/7/2022 الموافق 11/12/1443 أقوى عروض الـ 5&10&15 ريال حتى 3 أيام فقط,https://www.alsoouq.com/saudi-arabia-offers/panda-offers/%d8%b9%d8%b1%d9%88%d8%b6-%d8%a8%d9%86%d8%af%d9%87-%d8%a7%d9%84%d9%8a%d9%88%d9%85-10-7-2022-%d8%a7%d9%84%d9%85%d9%88%d8%a7%d9%81%d9%82-11-12-1443-%d8%a3%d9%82%d9%88%d9%89-%d8%b9%d8%b1%d9%88%d8%b6.html,962544231.jpg,,,,,,,
https://www.alsoouq.com//uploads/2022/07/6023493788.jpg,17,عروض بنده اليوم 10/7/2022 الموافق 11/12/1443 أقوى عروض الـ 5&10&15 ريال حتى 3 أيام فقط,https://www.alsoouq.com/saudi-arabia-offers/panda-offers/%d8%b9%d8%b1%d9%88%d8%b6-%d8%a8%d9%86%d8%af%d9%87-%d8%a7%d9%84%d9%8a%d9%88%d9%85-10-7-2022-%d8%a7%d9%84%d9%85%d9%88%d8%a7%d9%81%d9%82-11-12-1443-%d8%a3%d9%82%d9%88%d9%89-%d8%b9%d8%b1%d9%88%d8%b6.html,6023493788.jpg,,,,,,,
https://www.alsoouq.com//uploads/2022/07/6633275861.jpg,17,عروض بنده اليوم 10/7/2022 الموافق 11/12/1443 أقوى عروض الـ 5&10&15 ريال حتى 3 أيام فقط,https://www.alsoouq.com/saudi-arabia-offers/panda-offers/%d8%b9%d8%b1%d9%88%d8%b6-%d8%a8%d9%86%d8%af%d9%87-%d8%a7%d9%84%d9%8a%d9%88%d9%85-10-7-2022-%d8%a7%d9%84%d9%85%d9%88%d8%a7%d9%81%d9%82-11-12-1443-%d8%a3%d9%82%d9%88%d9%89-%d8%b9%d8%b1%d9%88%d8%b6.html,6633275861.jpg,,,,,,,
https://www.alsoouq.com//uploads/2022/07/3126029768.jpg,17,عروض بنده اليوم 10/7/2022 الموافق 11/12/1443 أقوى عروض الـ 5&10&15 ريال حتى 3 أيام فقط,https://www.alsoouq.com/saudi-arabia-offers/panda-offers/%d8%b9%d8%b1%d9%88%d8%b6-%d8%a8%d9%86%d8%af%d9%87-%d8%a7%d9%84%d9%8a%d9%88%d9%85-10-7-2022-%d8%a7%d9%84%d9%85%d9%88%d8%a7%d9%81%d9%82-11-12-1443-%d8%a3%d9%82%d9%88%d9%89-%d8%b9%d8%b1%d9%88%d8%b6.html,3126029768.jpg,,,,,,,
https://www.alsoouq.com//uploads/2022/07/8639819225.jpg,18,عروض بنده اليوم 10/7/2022 الموافق 11/12/1443 أقوى عروض الـ 5&10&15 ريال حتى 3 أيام فقط,https://www.alsoouq.com/saudi-arabia-offers/panda-offers/%d8%b9%d8%b1%d9%88%d8%b6-%d8%a8%d9%86%d8%af%d9%87-%d8%a7%d9%84%d9%8a%d9%88%d9%85-10-7-2022-%d8%a7%d9%84%d9%85%d9%88%d8%a7%d9%81%d9%82-11-12-1443-%d8%a3%d9%82%d9%88%d9%89-%d8%b9%d8%b1%d9%88%d8%b6.html,8639819225.jpg,,,,,,,
https://www.alsoouq.com//uploads/2022/07/3455730307.jpg,18,عروض بنده اليوم 10/7/2022 الموافق 11/12/1443 أقوى عروض الـ 5&10&15 ريال حتى 3 أيام فقط,https://www.alsoouq.com/saudi-arabia-offers/panda-offers/%d8%b9%d8%b1%d9%88%d8%b6-%d8%a8%d9%86%d8%af%d9%87-%d8%a7%d9%84%d9%8a%d9%88%d9%85-10-7-2022-%d8%a7%d9%84%d9%85%d9%88%d8%a7%d9%81%d9%82-11-12-1443-%d8%a3%d9%82%d9%88%d9%89-%d8%b9%d8%b1%d9%88%d8%b6.html,3455730307.jpg,,,,,,,
https://www.alsoouq.com//uploads/2022/07/9521066486.jpg,18,عروض بنده اليوم 10/7/2022 الموافق 11/12/1443 أقوى عروض الـ 5&10&15 ريال حتى 3 أيام فقط,https://www.alsoouq.com/saudi-arabia-offers/panda-offers/%d8%b9%d8%b1%d9%88%d8%b6-%d8%a8%d9%86%d8%af%d9%87-%d8%a7%d9%84%d9%8a%d9%88%d9%85-10-7-2022-%d8%a7%d9%84%d9%85%d9%88%d8%a7%d9%81%d9%82-11-12-1443-%d8%a3%d9%82%d9%88%d9%89-%d8%b9%d8%b1%d9%88%d8%b6.html,9521066486.jpg,,,,,,,
https://www.alsoouq.com//uploads/2022/07/2823209876.jpg,18,عروض بنده اليوم 10/7/2022 الموافق 11/12/1443 أقوى عروض الـ 5&10&15 ريال حتى 3 أيام فقط,https://www.alsoouq.com/saudi-arabia-offers/panda-offers/%d8%b9%d8%b1%d9%88%d8%b6-%d8%a8%d9%86%d8%af%d9%87-%d8%a7%d9%84%d9%8a%d9%88%d9%85-10-7-2022-%d8%a7%d9%84%d9%85%d9%88%d8%a7%d9%81%d9%82-11-12-1443-%d8%a3%d9%82%d9%88%d9%89-%d8%b9%d8%b1%d9%88%d8%b6.html,2823209876.jpg,,,,,,,
https://www.alsoouq.com//uploads/2022/07/1882232665.jpg,19,عروض بنده اليوم 10/7/2022 الموافق 11/12/1443 أقوى عروض الـ 5&10&15 ريال حتى 3 أيام فقط,https://www.alsoouq.com/saudi-arabia-offers/panda-offers/%d8%b9%d8%b1%d9%88%d8%b6-%d8%a8%d9%86%d8%af%d9%87-%d8%a7%d9%84%d9%8a%d9%88%d9%85-10-7-2022-%d8%a7%d9%84%d9%85%d9%88%d8%a7%d9%81%d9%82-11-12-1443-%d8%a3%d9%82%d9%88%d9%89-%d8%b9%d8%b1%d9%88%d8%b6.html,1882232665.jpg,,,,,,,
https://www.alsoouq.com//uploads/2022/07/6233985280.jpg,19,عروض بنده اليوم 10/7/2022 الموافق 11/12/1443 أقوى عروض الـ 5&10&15 ريال حتى 3 أيام فقط,https://www.alsoouq.com/saudi-arabia-offers/panda-offers/%d8%b9%d8%b1%d9%88%d8%b6-%d8%a8%d9%86%d8%af%d9%87-%d8%a7%d9%84%d9%8a%d9%88%d9%85-10-7-2022-%d8%a7%d9%84%d9%85%d9%88%d8%a7%d9%81%d9%82-11-12-1443-%d8%a3%d9%82%d9%88%d9%89-%d8%b9%d8%b1%d9%88%d8%b6.html,6233985280.jpg,,,,,,,
https://www.alsoouq.com//uploads/2022/07/510623047.jpg,19,عروض بنده اليوم 10/7/2022 الموافق 11/12/1443 أقوى عروض الـ 5&10&15 ريال حتى 3 أيام فقط,https://www.alsoouq.com/saudi-arabia-offers/panda-offers/%d8%b9%d8%b1%d9%88%d8%b6-%d8%a8%d9%86%d8%af%d9%87-%d8%a7%d9%84%d9%8a%d9%88%d9%85-10-7-2022-%d8%a7%d9%84%d9%85%d9%88%d8%a7%d9%81%d9%82-11-12-1443-%d8%a3%d9%82%d9%88%d9%89-%d8%b9%d8%b1%d9%88%d8%b6.html,510623047.jpg,,,,,,,
https://www.alsoouq.com//uploads/2022/07/1345344995.jpg,19,عروض بنده اليوم 10/7/2022 الموافق 11/12/1443 أقوى عروض الـ 5&10&15 ريال حتى 3 أيام فقط,https://www.alsoouq.com/saudi-arabia-offers/panda-offers/%d8%b9%d8%b1%d9%88%d8%b6-%d8%a8%d9%86%d8%af%d9%87-%d8%a7%d9%84%d9%8a%d9%88%d9%85-10-7-2022-%d8%a7%d9%84%d9%85%d9%88%d8%a7%d9%81%d9%82-11-12-1443-%d8%a3%d9%82%d9%88%d9%89-%d8%b9%d8%b1%d9%88%d8%b6.html,1345344995.jpg,,,,,,,
https://www.alsoouq.com//uploads/2022/07/7605599909.jpg,20,عروض بنده اليوم 10/7/2022 الموافق 11/12/1443 أقوى عروض الـ 5&10&15 ريال حتى 3 أيام فقط,https://www.alsoouq.com/saudi-arabia-offers/panda-offers/%d8%b9%d8%b1%d9%88%d8%b6-%d8%a8%d9%86%d8%af%d9%87-%d8%a7%d9%84%d9%8a%d9%88%d9%85-10-7-2022-%d8%a7%d9%84%d9%85%d9%88%d8%a7%d9%81%d9%82-11-12-1443-%d8%a3%d9%82%d9%88%d9%89-%d8%b9%d8%b1%d9%88%d8%b6.html,7605599909.jpg,,,,,,,
https://www.alsoouq.com//uploads/2022/07/9087680621.jpg,20,عروض بنده اليوم 10/7/2022 الموافق 11/12/1443 أقوى عروض الـ 5&10&15 ريال حتى 3 أيام فقط,https://www.alsoouq.com/saudi-arabia-offers/panda-offers/%d8%b9%d8%b1%d9%88%d8%b6-%d8%a8%d9%86%d8%af%d9%87-%d8%a7%d9%84%d9%8a%d9%88%d9%85-10-7-2022-%d8%a7%d9%84%d9%85%d9%88%d8%a7%d9%81%d9%82-11-12-1443-%d8%a3%d9%82%d9%88%d9%89-%d8%b9%d8%b1%d9%88%d8%b6.html,9087680621.jpg,,,,,,,
https://www.alsoouq.com//uploads/2022/07/6370426761.jpg,20,عروض بنده اليوم 10/7/2022 الموافق 11/12/1443 أقوى عروض الـ 5&10&15 ريال حتى 3 أيام فقط,https://www.alsoouq.com/saudi-arabia-offers/panda-offers/%d8%b9%d8%b1%d9%88%d8%b6-%d8%a8%d9%86%d8%af%d9%87-%d8%a7%d9%84%d9%8a%d9%88%d9%85-10-7-2022-%d8%a7%d9%84%d9%85%d9%88%d8%a7%d9%81%d9%82-11-12-1443-%d8%a3%d9%82%d9%88%d9%89-%d8%b9%d8%b1%d9%88%d8%b6.html,6370426761.jpg,,,,,,,
https://www.alsoouq.com//uploads/2022/07/8865879702.jpg,20,عروض بنده اليوم 10/7/2022 الموافق 11/12/1443 أقوى عروض الـ 5&10&15 ريال حتى 3 أيام فقط,https://www.alsoouq.com/saudi-arabia-offers/panda-offers/%d8%b9%d8%b1%d9%88%d8%b6-%d8%a8%d9%86%d8%af%d9%87-%d8%a7%d9%84%d9%8a%d9%88%d9%85-10-7-2022-%d8%a7%d9%84%d9%85%d9%88%d8%a7%d9%81%d9%82-11-12-1443-%d8%a3%d9%82%d9%88%d9%89-%d8%b9%d8%b1%d9%88%d8%b6.html,8865879702.jpg,,,,,,,
https://www.alsoouq.com//uploads/2022/07/7924264444.jpg,21,عروض بنده اليوم 10/7/2022 الموافق 11/12/1443 أقوى عروض الـ 5&10&15 ريال حتى 3 أيام فقط,https://www.alsoouq.com/saudi-arabia-offers/panda-offers/%d8%b9%d8%b1%d9%88%d8%b6-%d8%a8%d9%86%d8%af%d9%87-%d8%a7%d9%84%d9%8a%d9%88%d9%85-10-7-2022-%d8%a7%d9%84%d9%85%d9%88%d8%a7%d9%81%d9%82-11-12-1443-%d8%a3%d9%82%d9%88%d9%89-%d8%b9%d8%b1%d9%88%d8%b6.html,7924264444.jpg,,,,,,,
https://www.alsoouq.com//uploads/2022/07/4279565718.jpg,21,عروض بنده اليوم 10/7/2022 الموافق 11/12/1443 أقوى عروض الـ 5&10&15 ريال حتى 3 أيام فقط,https://www.alsoouq.com/saudi-arabia-offers/panda-offers/%d8%b9%d8%b1%d9%88%d8%b6-%d8%a8%d9%86%d8%af%d9%87-%d8%a7%d9%84%d9%8a%d9%88%d9%85-10-7-2022-%d8%a7%d9%84%d9%85%d9%88%d8%a7%d9%81%d9%82-11-12-1443-%d8%a3%d9%82%d9%88%d9%89-%d8%b9%d8%b1%d9%88%d8%b6.html,4279565718.jpg,,,,,,,
https://www.alsoouq.com//uploads/2022/07/8661133023.jpg,21,عروض بنده اليوم 10/7/2022 الموافق 11/12/1443 أقوى عروض الـ 5&10&15 ريال حتى 3 أيام فقط,https://www.alsoouq.com/saudi-arabia-offers/panda-offers/%d8%b9%d8%b1%d9%88%d8%b6-%d8%a8%d9%86%d8%af%d9%87-%d8%a7%d9%84%d9%8a%d9%88%d9%85-10-7-2022-%d8%a7%d9%84%d9%85%d9%88%d8%a7%d9%81%d9%82-11-12-1443-%d8%a3%d9%82%d9%88%d9%89-%d8%b9%d8%b1%d9%88%d8%b6.html,8661133023.jpg,,,,,,,
https://www.alsoouq.com//uploads/2022/07/410087739.jpg,21,عروض بنده اليوم 10/7/2022 الموافق 11/12/1443 أقوى عروض الـ 5&10&15 ريال حتى 3 أيام فقط,https://www.alsoouq.com/saudi-arabia-offers/panda-offers/%d8%b9%d8%b1%d9%88%d8%b6-%d8%a8%d9%86%d8%af%d9%87-%d8%a7%d9%84%d9%8a%d9%88%d9%85-10-7-2022-%d8%a7%d9%84%d9%85%d9%88%d8%a7%d9%81%d9%82-11-12-1443-%d8%a3%d9%82%d9%88%d9%89-%d8%b9%d8%b1%d9%88%d8%b6.html,410087739.jpg,,,,,,,
https://www.alsoouq.com//uploads/2022/07/7452997769.jpg,21,عروض بنده اليوم 10/7/2022 الموافق 11/12/1443 أقوى عروض الـ 5&10&15 ريال حتى 3 أيام فقط,https://www.alsoouq.com/saudi-arabia-offers/panda-offers/%d8%b9%d8%b1%d9%88%d8%b6-%d8%a8%d9%86%d8%af%d9%87-%d8%a7%d9%84%d9%8a%d9%88%d9%85-10-7-2022-%d8%a7%d9%84%d9%85%d9%88%d8%a7%d9%81%d9%82-11-12-1443-%d8%a3%d9%82%d9%88%d9%89-%d8%b9%d8%b1%d9%88%d8%b6.html,7452997769.jpg,,,,,,,
https://www.alsoouq.com//uploads/2022/07/987829079.jpg,21,عروض بنده اليوم 10/7/2022 الموافق 11/12/1443 أقوى عروض الـ 5&10&15 ريال حتى 3 أيام فقط,https://www.alsoouq.com/saudi-arabia-offers/panda-offers/%d8%b9%d8%b1%d9%88%d8%b6-%d8%a8%d9%86%d8%af%d9%87-%d8%a7%d9%84%d9%8a%d9%88%d9%85-10-7-2022-%d8%a7%d9%84%d9%85%d9%88%d8%a7%d9%81%d9%82-11-12-1443-%d8%a3%d9%82%d9%88%d9%89-%d8%b9%d8%b1%d9%88%d8%b6.html,987829079.jpg,,,,,,,
https://www.alsoouq.com//uploads/2022/07/5564011443.jpg,21,عروض بنده اليوم 10/7/2022 الموافق 11/12/1443 أقوى عروض الـ 5&10&15 ريال حتى 3 أيام فقط,https://www.alsoouq.com/saudi-arabia-offers/panda-offers/%d8%b9%d8%b1%d9%88%d8%b6-%d8%a8%d9%86%d8%af%d9%87-%d8%a7%d9%84%d9%8a%d9%88%d9%85-10-7-2022-%d8%a7%d9%84%d9%85%d9%88%d8%a7%d9%81%d9%82-11-12-1443-%d8%a3%d9%82%d9%88%d9%89-%d8%b9%d8%b1%d9%88%d8%b6.html,5564011443.jpg,,,,,,,
https://www.alsoouq.com//uploads/2022/07/9390448131.jpg,21,عروض بنده اليوم 10/7/2022 الموافق 11/12/1443 أقوى عروض الـ 5&10&15 ريال حتى 3 أيام فقط,https://www.alsoouq.com/saudi-arabia-offers/panda-offers/%d8%b9%d8%b1%d9%88%d8%b6-%d8%a8%d9%86%d8%af%d9%87-%d8%a7%d9%84%d9%8a%d9%88%d9%85-10-7-2022-%d8%a7%d9%84%d9%85%d9%88%d8%a7%d9%81%d9%82-11-12-1443-%d8%a3%d9%82%d9%88%d9%89-%d8%b9%d8%b1%d9%88%d8%b6.html,9390448131.jpg,,,,,,,
https://www.alsoouq.com//uploads/2022/07/6997729024.jpg,22,عروض بنده اليوم 10/7/2022 الموافق 11/12/1443 أقوى عروض الـ 5&10&15 ريال حتى 3 أيام فقط,https://www.alsoouq.com/saudi-arabia-offers/panda-offers/%d8%b9%d8%b1%d9%88%d8%b6-%d8%a8%d9%86%d8%af%d9%87-%d8%a7%d9%84%d9%8a%d9%88%d9%85-10-7-2022-%d8%a7%d9%84%d9%85%d9%88%d8%a7%d9%81%d9%82-11-12-1443-%d8%a3%d9%82%d9%88%d9%89-%d8%b9%d8%b1%d9%88%d8%b6.html,6997729024.jpg,,,,,,,
https://www.alsoouq.com//uploads/2022/07/8724894115.jpg,22,عروض بنده اليوم 10/7/2022 الموافق 11/12/1443 أقوى عروض الـ 5&10&15 ريال حتى 3 أيام فقط,https://www.alsoouq.com/saudi-arabia-offers/panda-offers/%d8%b9%d8%b1%d9%88%d8%b6-%d8%a8%d9%86%d8%af%d9%87-%d8%a7%d9%84%d9%8a%d9%88%d9%85-10-7-2022-%d8%a7%d9%84%d9%85%d9%88%d8%a7%d9%81%d9%82-11-12-1443-%d8%a3%d9%82%d9%88%d9%89-%d8%b9%d8%b1%d9%88%d8%b6.html,8724894115.jpg,,,,,,,
https://www.alsoouq.com//uploads/2022/07/8292726055.jpg,22,عروض بنده اليوم 10/7/2022 الموافق 11/12/1443 أقوى عروض الـ 5&10&15 ريال حتى 3 أيام فقط,https://www.alsoouq.com/saudi-arabia-offers/panda-offers/%d8%b9%d8%b1%d9%88%d8%b6-%d8%a8%d9%86%d8%af%d9%87-%d8%a7%d9%84%d9%8a%d9%88%d9%85-10-7-2022-%d8%a7%d9%84%d9%85%d9%88%d8%a7%d9%81%d9%82-11-12-1443-%d8%a3%d9%82%d9%88%d9%89-%d8%b9%d8%b1%d9%88%d8%b6.html,8292726055.jpg,,,,,,,
https://www.alsoouq.com//uploads/2022/07/6760886195.jpg,22,عروض بنده اليوم 10/7/2022 الموافق 11/12/1443 أقوى عروض الـ 5&10&15 ريال حتى 3 أيام فقط,https://www.alsoouq.com/saudi-arabia-offers/panda-offers/%d8%b9%d8%b1%d9%88%d8%b6-%d8%a8%d9%86%d8%af%d9%87-%d8%a7%d9%84%d9%8a%d9%88%d9%85-10-7-2022-%d8%a7%d9%84%d9%85%d9%88%d8%a7%d9%81%d9%82-11-12-1443-%d8%a3%d9%82%d9%88%d9%89-%d8%b9%d8%b1%d9%88%d8%b6.html,6760886195.jpg,,,,,,,
https://www.alsoouq.com//uploads/2022/07/8702058491.jpg,23,عروض بنده اليوم 10/7/2022 الموافق 11/12/1443 أقوى عروض الـ 5&10&15 ريال حتى 3 أيام فقط,https://www.alsoouq.com/saudi-arabia-offers/panda-offers/%d8%b9%d8%b1%d9%88%d8%b6-%d8%a8%d9%86%d8%af%d9%87-%d8%a7%d9%84%d9%8a%d9%88%d9%85-10-7-2022-%d8%a7%d9%84%d9%85%d9%88%d8%a7%d9%81%d9%82-11-12-1443-%d8%a3%d9%82%d9%88%d9%89-%d8%b9%d8%b1%d9%88%d8%b6.html,8702058491.jpg,,,,,,,
https://www.alsoouq.com//uploads/2022/07/3811398713.jpg,23,عروض بنده اليوم 10/7/2022 الموافق 11/12/1443 أقوى عروض الـ 5&10&15 ريال حتى 3 أيام فقط,https://www.alsoouq.com/saudi-arabia-offers/panda-offers/%d8%b9%d8%b1%d9%88%d8%b6-%d8%a8%d9%86%d8%af%d9%87-%d8%a7%d9%84%d9%8a%d9%88%d9%85-10-7-2022-%d8%a7%d9%84%d9%85%d9%88%d8%a7%d9%81%d9%82-11-12-1443-%d8%a3%d9%82%d9%88%d9%89-%d8%b9%d8%b1%d9%88%d8%b6.html,3811398713.jpg,,,,,,,
https://www.alsoouq.com//uploads/2022/07/8859776675.jpg,23,عروض بنده اليوم 10/7/2022 الموافق 11/12/1443 أقوى عروض الـ 5&10&15 ريال حتى 3 أيام فقط,https://www.alsoouq.com/saudi-arabia-offers/panda-offers/%d8%b9%d8%b1%d9%88%d8%b6-%d8%a8%d9%86%d8%af%d9%87-%d8%a7%d9%84%d9%8a%d9%88%d9%85-10-7-2022-%d8%a7%d9%84%d9%85%d9%88%d8%a7%d9%81%d9%82-11-12-1443-%d8%a3%d9%82%d9%88%d9%89-%d8%b9%d8%b1%d9%88%d8%b6.html,8859776675.jpg,,,,,,,
https://www.alsoouq.com//uploads/2022/07/9181354130.jpg,23,عروض بنده اليوم 10/7/2022 الموافق 11/12/1443 أقوى عروض الـ 5&10&15 ريال حتى 3 أيام فقط,https://www.alsoouq.com/saudi-arabia-offers/panda-offers/%d8%b9%d8%b1%d9%88%d8%b6-%d8%a8%d9%86%d8%af%d9%87-%d8%a7%d9%84%d9%8a%d9%88%d9%85-10-7-2022-%d8%a7%d9%84%d9%85%d9%88%d8%a7%d9%81%d9%82-11-12-1443-%d8%a3%d9%82%d9%88%d9%89-%d8%b9%d8%b1%d9%88%d8%b6.html,9181354130.jpg,,,,,,,
https://www.alsoouq.com//uploads/2022/07/7312104285.jpg,24,عروض بنده اليوم 10/7/2022 الموافق 11/12/1443 أقوى عروض الـ 5&10&15 ريال حتى 3 أيام فقط,https://www.alsoouq.com/saudi-arabia-offers/panda-offers/%d8%b9%d8%b1%d9%88%d8%b6-%d8%a8%d9%86%d8%af%d9%87-%d8%a7%d9%84%d9%8a%d9%88%d9%85-10-7-2022-%d8%a7%d9%84%d9%85%d9%88%d8%a7%d9%81%d9%82-11-12-1443-%d8%a3%d9%82%d9%88%d9%89-%d8%b9%d8%b1%d9%88%d8%b6.html,7312104285.jpg,,,,,,,
https://www.alsoouq.com//uploads/2022/07/105432891.jpg,24,عروض بنده اليوم 10/7/2022 الموافق 11/12/1443 أقوى عروض الـ 5&10&15 ريال حتى 3 أيام فقط,https://www.alsoouq.com/saudi-arabia-offers/panda-offers/%d8%b9%d8%b1%d9%88%d8%b6-%d8%a8%d9%86%d8%af%d9%87-%d8%a7%d9%84%d9%8a%d9%88%d9%85-10-7-2022-%d8%a7%d9%84%d9%85%d9%88%d8%a7%d9%81%d9%82-11-12-1443-%d8%a3%d9%82%d9%88%d9%89-%d8%b9%d8%b1%d9%88%d8%b6.html,105432891.jpg,,,,,,,
